date,min,max,avg,location,temp,rainfall,humidity,rain_3day_sum,rain_flag,temp_lag,humidity_diff
2021-05-17,38.0,40.0,39.0,Dhaka,32.14,3.55,69.09,3.55,0,,
2021-05-18,38.0,40.0,39.0,Dhaka,31.61,9.86,72.92,13.41,1,32.14,3.8299999999999983
2021-05-24,40.0,45.0,42.5,Dhaka,29.86,7.78,78.49,21.19,1,31.61,5.569999999999993
2021-05-24,40.0,45.0,42.5,Dhaka,29.86,7.78,78.49,25.42,1,29.86,0.0
2021-05-24,40.0,45.0,42.5,Dhaka,29.86,7.78,78.49,23.34,1,29.86,0.0
2021-05-24,40.0,45.0,42.5,Dhaka,29.86,7.78,78.49,23.34,1,29.86,0.0
2021-05-24,40.0,45.0,42.5,Dhaka,29.86,7.78,78.49,23.34,1,29.86,0.0
2021-05-24,40.0,45.0,42.5,Dhaka,29.86,7.78,78.49,23.34,1,29.86,0.0
2021-05-25,40.0,45.0,42.5,Dhaka,29.57,29.78,78.15,45.34,1,29.86,-0.3399999999999892
2021-05-29,45.0,50.0,47.5,Dhaka,30.64,1.9,75.96,39.46,0,29.57,-2.190000000000012
2021-05-30,45.0,50.0,47.5,Dhaka,30.65,2.57,75.89,34.25,0,30.64,-0.06999999999999318
2021-05-31,45.0,50.0,47.5,Dhaka,28.63,50.31,89.57,54.78,1,30.65,13.679999999999993
2021-06-01,45.0,50.0,47.5,Dhaka,28.9,22.24,88.69,75.12,1,28.63,-0.8799999999999955
2021-06-05,50.0,60.0,55.0,Dhaka,29.17,23.56,89.63,96.10999999999999,1,28.9,0.9399999999999977
2021-06-06,48.0,55.0,51.5,Dhaka,29.31,42.06,89.25,87.86,1,29.17,-0.37999999999999545
2021-06-08,48.0,52.0,50.0,Dhaka,28.12,20.46,93.13,86.08000000000001,1,29.31,3.8799999999999955
2021-06-09,48.0,52.0,50.0,Dhaka,28.04,19.07,88.46,81.59,1,28.12,-4.670000000000002
2021-06-12,45.0,55.0,50.0,Dhaka,27.92,14.93,92.0,54.46,1,28.04,3.5400000000000063
2021-06-13,45.0,50.0,47.5,Dhaka,28.9,4.55,86.81,38.55,0,27.92,-5.189999999999998
2021-06-14,45.0,50.0,47.5,Dhaka,29.1,8.44,87.91,27.919999999999998,1,28.9,1.0999999999999943
2021-06-15,45.0,50.0,47.5,Dhaka,28.55,18.65,90.01,31.639999999999997,1,29.1,2.1000000000000085
2021-06-16,45.0,50.0,47.5,Dhaka,28.12,6.88,89.44,33.97,1,28.55,-0.5700000000000074
2021-06-18,45.0,50.0,47.5,Dhaka,27.51,34.14,88.56,59.67,1,28.12,-0.8799999999999955
2021-06-19,45.0,55.0,50.0,Dhaka,27.35,36.04,88.57,77.06,1,27.51,0.009999999999990905
2021-06-20,48.0,50.0,49.0,Dhaka,27.16,17.92,90.51,88.10000000000001,1,27.35,1.940000000000012
2021-06-21,45.0,55.0,50.0,Dhaka,27.69,25.28,90.36,79.24000000000001,1,27.16,-0.15000000000000568
2021-06-22,45.0,50.0,47.5,Dhaka,27.77,4.26,87.79,47.46,0,27.69,-2.569999999999993
2021-06-23,45.0,50.0,47.5,Dhaka,28.09,4.87,86.91,34.410000000000004,0,27.77,-0.8800000000000097
2021-06-26,45.0,50.0,47.5,Dhaka,28.46,7.6,88.46,16.73,1,28.09,1.5499999999999972
2021-06-27,45.0,50.0,47.5,Dhaka,28.72,2.5,88.01,14.969999999999999,0,28.46,-0.44999999999998863
2021-06-28,45.0,50.0,47.5,Dhaka,28.45,5.93,89.39,16.029999999999998,1,28.72,1.3799999999999955
2021-06-29,50.0,55.0,52.5,Dhaka,28.53,12.99,90.8,21.42,1,28.45,1.4099999999999966
2021-06-30,48.0,50.0,49.0,Dhaka,28.98,41.95,90.15,60.870000000000005,1,28.53,-0.6499999999999915
2021-07-01,45.0,50.0,47.5,Dhaka,28.4,51.59,91.78,106.53,1,28.98,1.6299999999999955
2021-07-02,45.0,50.0,47.5,Dhaka,27.69,34.2,90.15,127.74000000000001,1,28.4,-1.6299999999999955
2021-07-03,50.0,55.0,52.5,Dhaka,28.33,22.22,91.07,108.01000000000002,1,27.69,0.9199999999999875
2021-07-04,50.0,55.0,52.5,Dhaka,29.01,19.28,86.02,75.7,1,28.33,-5.049999999999997
2021-07-05,45.0,50.0,47.5,Dhaka,28.96,3.48,89.75,44.98,0,29.01,3.730000000000004
2021-07-06,45.0,50.0,47.5,Dhaka,29.05,22.23,89.48,44.99,1,28.96,-0.269999999999996
2021-07-07,45.0,55.0,50.0,Dhaka,28.72,16.87,91.67,42.58,1,29.05,2.1899999999999977
2021-07-08,45.0,50.0,47.5,Dhaka,28.61,11.93,89.93,51.03,1,28.72,-1.7399999999999949
2021-07-09,45.0,50.0,47.5,Dhaka,28.68,1.33,87.31,30.130000000000003,0,28.61,-2.6200000000000045
2021-07-10,45.0,50.0,47.5,Dhaka,28.7,3.0,87.12,16.259999999999998,0,28.68,-0.18999999999999773
2021-07-11,48.0,50.0,49.0,Dhaka,29.05,11.03,86.92,15.36,1,28.7,-0.20000000000000284
2021-07-12,45.0,50.0,47.5,Dhaka,29.0,5.16,83.78,19.189999999999998,1,29.05,-3.1400000000000006
2021-07-13,45.0,50.0,47.5,Dhaka,28.12,5.76,90.2,21.95,1,29.0,6.420000000000002
2021-07-14,45.0,50.0,47.5,Dhaka,28.51,3.3,87.06,14.219999999999999,0,28.12,-3.1400000000000006
2021-07-15,45.0,50.0,47.5,Dhaka,28.96,1.67,84.85,10.73,0,28.51,-2.210000000000008
2021-07-16,45.0,50.0,47.5,Dhaka,28.44,11.33,85.57,16.299999999999997,1,28.96,0.7199999999999989
2021-07-17,45.0,50.0,47.5,Dhaka,28.73,8.06,88.53,21.06,1,28.44,2.960000000000008
2021-07-18,45.0,55.0,50.0,Dhaka,27.97,9.24,89.26,28.630000000000003,1,28.73,0.730000000000004
2021-07-19,45.0,50.0,47.5,Dhaka,27.82,18.87,90.91,36.17,1,27.97,1.6499999999999915
2021-07-25,45.0,50.0,47.5,Dhaka,28.79,8.27,89.9,36.379999999999995,1,27.82,-1.009999999999991
2021-07-26,45.0,50.0,47.5,Dhaka,29.84,3.24,86.95,30.379999999999995,0,28.79,-2.950000000000003
2021-07-27,45.0,50.0,47.5,Dhaka,29.63,15.34,90.46,26.849999999999994,1,29.84,3.509999999999991
2021-07-28,45.0,50.0,47.5,Dhaka,28.63,14.85,93.83,33.42999999999999,1,29.63,3.3700000000000045
2021-07-29,45.0,50.0,47.5,Dhaka,27.63,29.18,92.7,59.36999999999999,1,28.63,-1.1299999999999955
2021-07-30,45.0,50.0,47.5,Dhaka,28.25,21.24,90.56,65.27,1,27.63,-2.1400000000000006
2021-07-31,45.0,50.0,47.5,Dhaka,28.29,13.59,90.3,64.00999999999999,1,28.25,-0.2600000000000051
2021-08-01,45.0,50.0,47.5,Dhaka,27.87,21.6,91.86,56.42999999999999,1,28.29,1.5600000000000023
2021-08-02,45.0,50.0,47.5,Dhaka,28.1,4.62,90.38,39.81,0,27.87,-1.480000000000004
2021-08-03,45.0,50.0,47.5,Dhaka,28.84,12.76,87.67,38.98,1,28.1,-2.7099999999999937
2021-08-05,45.0,50.0,47.5,Dhaka,29.59,11.55,84.21,28.929999999999996,1,28.84,-3.460000000000008
2021-08-06,45.0,50.0,47.5,Dhaka,28.17,46.28,94.62,70.59,1,29.59,10.41000000000001
2021-08-07,45.0,50.0,47.5,Dhaka,28.54,34.68,90.97,92.50999999999999,1,28.17,-3.6500000000000057
2021-08-08,45.0,50.0,47.5,Dhaka,28.88,9.45,90.58,90.41,1,28.54,-0.39000000000000057
2021-08-09,45.0,50.0,47.5,Dhaka,29.07,9.49,89.09,53.62,1,28.88,-1.4899999999999949
2021-08-10,45.0,50.0,47.5,Dhaka,28.97,9.28,91.4,28.22,1,29.07,2.3100000000000023
2021-08-11,45.0,50.0,47.5,Dhaka,29.06,5.69,90.86,24.46,1,28.97,-0.5400000000000063
2021-08-14,45.0,50.0,47.5,Dhaka,29.02,13.71,88.73,28.68,1,29.06,-2.1299999999999955
2021-08-16,45.0,50.0,47.5,Dhaka,28.35,7.32,89.68,26.72,1,29.02,0.9500000000000028
2021-08-17,42.0,50.0,46.0,Dhaka,28.16,15.24,91.1,36.27,1,28.35,1.4199999999999875
2021-08-18,45.0,50.0,47.5,Dhaka,27.62,17.26,94.4,39.82000000000001,1,28.16,3.3000000000000114
2021-08-21,42.0,45.0,43.5,Dhaka,28.02,0.93,87.98,33.43000000000001,0,27.62,-6.420000000000002
2021-08-22,42.0,45.0,43.5,Dhaka,28.5,4.52,86.85,22.71,0,28.02,-1.1300000000000097
2021-08-23,42.0,45.0,43.5,Dhaka,28.86,7.43,88.97,12.880000000000003,1,28.5,2.1200000000000045
2021-08-25,42.0,45.0,43.5,Dhaka,28.16,15.67,91.28,27.620000000000005,1,28.86,2.3100000000000023
2021-08-27,45.0,50.0,47.5,Dhaka,27.4,18.96,92.52,42.06,1,28.16,1.2399999999999949
2021-09-01,42.0,45.0,43.5,Dhaka,27.55,4.84,89.13,39.470000000000006,0,27.4,-3.3900000000000006
2021-09-02,42.0,45.0,43.5,Dhaka,26.93,14.28,91.86,38.080000000000005,1,27.55,2.730000000000004
2021-09-03,42.0,45.0,43.5,Dhaka,28.12,1.74,80.91,20.860000000000003,0,26.93,-10.950000000000003
2021-09-05,42.0,45.0,43.5,Dhaka,28.91,17.97,86.5,33.99,1,28.12,5.590000000000003
2021-09-05,42.0,45.0,43.5,Dhaka,28.91,17.97,86.5,37.68,1,28.91,0.0
2021-09-07,40.0,45.0,42.5,Dhaka,27.71,7.91,90.75,43.85000000000001,1,28.91,4.25
2021-09-10,40.0,45.0,42.5,Dhaka,28.15,4.57,89.74,30.450000000000003,0,27.71,-1.0100000000000051
2021-09-11,45.0,48.0,46.5,Dhaka,28.27,11.46,87.79,23.940000000000005,1,28.15,-1.9499999999999886
2021-09-12,42.0,45.0,43.5,Dhaka,27.99,1.35,89.94,17.380000000000006,0,28.27,2.1499999999999915
2021-09-14,42.0,45.0,43.5,Dhaka,27.42,9.87,93.05,22.680000000000003,1,27.99,3.1099999999999994
2021-09-15,42.0,45.0,43.5,Dhaka,28.34,10.4,88.15,21.620000000000005,1,27.42,-4.8999999999999915
2021-09-17,42.0,45.0,43.5,Dhaka,27.97,8.88,88.82,29.150000000000002,1,28.34,0.6699999999999875
2021-09-18,42.0,45.0,43.5,Dhaka,27.0,16.1,91.91,35.38000000000001,1,27.97,3.0900000000000034
2021-09-19,42.0,45.0,43.5,Dhaka,27.3,38.59,89.76,63.570000000000014,1,27.0,-2.1499999999999915
2021-09-21,42.0,45.0,43.5,Dhaka,26.78,2.0,92.09,56.69000000000001,0,27.3,2.3299999999999983
2021-09-22,42.0,45.0,43.5,Dhaka,26.56,4.79,90.77,45.38000000000001,0,26.78,-1.3200000000000074
2021-09-23,42.0,45.0,43.5,Dhaka,28.21,1.81,83.48,8.600000000000007,0,26.56,-7.289999999999992
2021-09-25,40.0,45.0,42.5,Dhaka,28.46,15.72,85.25,22.320000000000007,1,28.21,1.769999999999996
2021-09-26,40.0,50.0,45.0,Dhaka,28.77,13.24,84.77,30.77000000000001,1,28.46,-0.480000000000004
2021-09-28,42.0,50.0,46.0,Dhaka,26.81,13.87,92.73,42.830000000000005,1,28.77,7.960000000000008
2021-10-01,45.0,50.0,47.5,Dhaka,28.52,0.69,71.35,27.800000000000008,0,26.81,-21.38000000000001
2021-10-03,50.0,65.0,57.5,Dhaka,28.0,4.38,90.04,18.940000000000005,0,28.52,18.690000000000012
2021-10-04,60.0,65.0,62.5,Dhaka,27.35,8.93,93.42,14.000000000000007,1,28.0,3.3799999999999955
2021-10-05,60.0,70.0,65.0,Dhaka,27.91,13.94,83.55,27.250000000000007,1,27.35,-9.870000000000005
2021-10-07,70.0,80.0,75.0,Dhaka,28.6,4.66,80.0,27.530000000000005,0,27.91,-3.549999999999997
2021-10-08,70.0,75.0,72.5,Dhaka,28.54,10.3,83.11,28.90000000000001,1,28.6,3.1099999999999994
2021-10-09,65.0,75.0,70.0,Dhaka,28.71,2.53,82.27,17.49000000000001,0,28.54,-0.8400000000000034
2021-10-10,70.0,75.0,72.5,Dhaka,28.8,2.09,83.65,14.920000000000007,0,28.71,1.3800000000000097
2021-10-11,70.0,75.0,72.5,Dhaka,28.27,0.06,87.06,4.680000000000007,0,28.8,3.4099999999999966
2021-10-12,70.0,75.0,72.5,Dhaka,27.79,4.62,91.47,6.770000000000007,0,28.27,4.409999999999997
2021-10-14,60.0,70.0,65.0,Dhaka,28.52,4.29,84.48,8.970000000000008,0,27.79,-6.989999999999995
2021-10-17,60.0,65.0,62.5,Dhaka,27.71,13.64,89.15,22.550000000000008,1,28.52,4.670000000000002
2021-10-19,60.0,65.0,62.5,Dhaka,26.61,29.74,93.42,47.67,1,27.71,4.269999999999996
2021-10-21,55.0,60.0,57.5,Dhaka,26.18,3.21,85.87,46.59,0,26.61,-7.549999999999997
2021-10-22,58.0,65.0,61.5,Dhaka,24.54,3.51,77.32,36.46000000000001,0,26.18,-8.550000000000011
2021-10-23,55.0,65.0,60.0,Dhaka,24.82,0.14,76.4,6.8600000000000065,0,24.54,-0.9199999999999875
2021-10-24,55.0,60.0,57.5,Dhaka,25.86,0.05,72.01,3.700000000000007,0,24.82,-4.390000000000001
2021-10-26,60.0,65.0,62.5,Dhaka,25.29,0.31,75.13,0.5000000000000071,0,25.86,3.1199999999999903
2021-10-27,60.0,65.0,62.5,Dhaka,24.64,1.66,84.2,2.020000000000007,0,25.29,9.070000000000007
2021-10-28,60.0,65.0,62.5,Dhaka,25.59,0.19,84.11,2.160000000000007,0,24.64,-0.09000000000000341
2021-10-30,58.0,60.0,59.0,Dhaka,24.98,0.0,85.93,1.8500000000000068,0,25.59,1.8200000000000074
2021-11-01,55.0,60.0,57.5,Dhaka,22.57,0.0,79.95,0.1900000000000071,0,24.98,-5.980000000000004
2021-11-02,55.0,60.0,57.5,Dhaka,22.33,0.0,76.25,0.0,0,22.57,-3.700000000000003
2021-11-03,55.0,60.0,57.5,Dhaka,23.01,0.0,80.04,0.0,0,22.33,3.7900000000000063
2021-11-04,52.0,60.0,56.0,Dhaka,23.28,0.0,79.42,0.0,0,23.01,-0.6200000000000045
2021-11-06,52.0,65.0,58.5,Dhaka,21.54,0.0,79.92,0.0,0,23.28,0.5
2021-11-08,50.0,60.0,55.0,Dhaka,20.93,0.0,83.45,0.0,0,21.54,3.530000000000001
2021-11-09,55.0,65.0,60.0,Dhaka,21.17,0.0,83.13,0.0,0,20.93,-0.3200000000000074
2021-11-10,55.0,60.0,57.5,Dhaka,21.68,0.0,81.34,0.0,0,21.17,-1.789999999999992
2021-11-13,55.0,65.0,60.0,Dhaka,23.1,1.26,88.94,1.2600000000000071,0,21.68,7.599999999999994
2021-11-14,55.0,65.0,60.0,Dhaka,23.66,7.6,88.74,8.860000000000007,1,23.1,-0.20000000000000284
2021-11-15,60.0,65.0,62.5,Dhaka,23.13,10.06,89.96,18.92000000000001,1,23.66,1.2199999999999989
2021-11-17,60.0,65.0,62.5,Dhaka,21.62,1.14,84.96,18.800000000000004,0,23.13,-5.0
2021-11-18,55.0,65.0,60.0,Dhaka,21.18,0.0,77.65,11.200000000000008,0,21.62,-7.309999999999988
2021-11-19,55.0,65.0,60.0,Dhaka,21.67,0.0,78.76,1.140000000000007,0,21.18,1.1099999999999994
2021-11-22,55.0,65.0,60.0,Dhaka,23.79,0.0,76.98,0.0,0,21.67,-1.7800000000000011
2021-11-24,55.0,60.0,57.5,Dhaka,21.77,0.0,86.08,0.0,0,23.79,9.099999999999994
2021-11-26,55.0,60.0,57.5,Dhaka,19.2,0.0,75.12,0.0,0,21.77,-10.959999999999994
2021-11-27,55.0,60.0,57.5,Dhaka,19.13,0.0,75.3,0.0,0,19.2,0.1799999999999926
2021-11-28,50.0,55.0,52.5,Dhaka,19.02,0.0,74.51,0.0,0,19.13,-0.789999999999992
2021-11-30,50.0,55.0,52.5,Dhaka,19.73,0.0,79.75,0.0,0,19.02,5.239999999999995
2021-12-01,50.0,55.0,52.5,Dhaka,21.17,0.0,80.05,0.0,0,19.73,0.29999999999999716
2021-12-02,50.0,55.0,52.5,Dhaka,21.74,0.0,75.61,0.0,0,21.17,-4.439999999999998
2021-12-03,50.0,55.0,52.5,Dhaka,22.1,0.09,79.97,0.0900000000000071,0,21.74,4.359999999999999
2021-12-04,50.0,55.0,52.5,Dhaka,22.3,1.87,86.66,1.9600000000000073,0,22.1,6.689999999999998
2021-12-05,55.0,65.0,60.0,Dhaka,21.83,21.75,94.36,23.710000000000008,1,22.3,7.700000000000003
2021-12-09,65.0,80.0,72.5,Dhaka,21.72,1.42,84.85,25.040000000000006,0,21.83,-9.510000000000005
2021-12-10,65.0,80.0,72.5,Dhaka,20.05,2.55,84.49,25.720000000000006,0,21.72,-0.35999999999999943
2021-12-12,50.0,80.0,65.0,Dhaka,17.15,0.0,78.0,3.970000000000007,0,20.05,-6.489999999999995
2021-12-13,50.0,75.0,62.5,Dhaka,16.64,0.0,81.62,2.550000000000007,0,17.15,3.6200000000000045
2021-12-17,50.0,65.0,57.5,Dhaka,16.93,0.0,82.93,0.0,0,16.64,1.3100000000000023
2021-12-18,50.0,65.0,57.5,Dhaka,17.13,0.0,79.59,0.0,0,16.93,-3.3400000000000034
2021-12-19,45.0,60.0,52.5,Dhaka,16.36,0.0,85.34,0.0,0,17.13,5.75
2021-12-20,40.0,60.0,50.0,Dhaka,14.5,0.0,81.42,0.0,0,16.36,-3.9200000000000017
2021-12-22,40.0,60.0,50.0,Dhaka,17.27,0.03,82.73,0.030000000000007104,0,14.5,1.3100000000000023
2021-12-24,40.0,65.0,52.5,Dhaka,17.89,0.01,81.06,0.040000000000007106,0,17.27,-1.6700000000000017
2021-12-26,40.0,60.0,50.0,Dhaka,18.0,0.0,77.65,0.040000000000007106,0,17.89,-3.4099999999999966
2021-12-27,40.0,60.0,50.0,Dhaka,18.0,0.0,75.58,0.010000000000007106,0,18.0,-2.0700000000000074
2021-12-29,35.0,55.0,45.0,Dhaka,17.72,0.0,80.97,0.0,0,18.0,5.390000000000001
2021-12-31,40.0,50.0,45.0,Dhaka,17.47,0.0,84.45,0.0,0,17.72,3.480000000000004
2022-01-02,35.0,50.0,42.5,Dhaka,16.8,0.0,83.7,0.0,0,17.47,-0.75
2022-01-03,35.0,50.0,42.5,Dhaka,16.98,0.0,83.69,0.0,0,16.8,-0.010000000000005116
2022-01-04,38.0,50.0,44.0,Dhaka,16.66,0.0,83.69,0.0,0,16.98,0.0
2022-01-07,40.0,50.0,45.0,Dhaka,17.99,0.0,81.56,0.0,0,16.66,-2.1299999999999955
2022-01-13,35.0,45.0,40.0,Dhaka,18.78,2.34,85.49,2.340000000000007,0,17.99,3.9299999999999926
2022-01-16,35.0,45.0,40.0,Dhaka,16.88,0.04,80.06,2.380000000000007,0,18.78,-5.429999999999993
2022-01-17,35.0,45.0,40.0,Dhaka,16.61,0.0,80.0,2.380000000000007,0,16.88,-0.060000000000002274
2022-01-18,35.0,40.0,37.5,Dhaka,16.75,0.0,82.6,0.040000000000007106,0,16.61,2.5999999999999943
2022-01-22,30.0,35.0,32.5,Dhaka,18.46,0.0,67.87,0.0,0,16.75,-14.72999999999999
2022-01-24,30.0,40.0,35.0,Dhaka,17.28,6.0,87.38,6.000000000000007,1,18.46,19.50999999999999
2022-01-25,25.0,30.0,27.5,Dhaka,18.8,2.52,79.9,8.520000000000007,0,17.28,-7.47999999999999
2022-01-26,25.0,30.0,27.5,Dhaka,19.0,2.2,76.07,10.720000000000008,0,18.8,-3.8300000000000125
2022-01-27,25.0,35.0,30.0,Dhaka,17.3,5.76,81.92,10.480000000000008,1,19.0,5.8500000000000085
2022-01-28,25.0,35.0,30.0,Dhaka,14.8,0.4,74.91,8.360000000000008,0,17.3,-7.010000000000005
2022-01-29,25.0,35.0,30.0,Dhaka,14.18,0.0,76.33,6.160000000000007,0,14.8,1.4200000000000017
2022-01-30,25.0,35.0,30.0,Dhaka,15.25,0.0,72.13,0.4000000000000071,0,14.18,-4.200000000000003
2022-02-02,20.0,30.0,25.0,Dhaka,18.56,0.03,66.31,0.030000000000007104,0,15.25,-5.819999999999993
2022-02-03,20.0,30.0,25.0,Dhaka,18.02,0.06,73.39,0.0900000000000071,0,18.56,7.079999999999998
2022-02-04,20.0,30.0,25.0,Dhaka,18.68,8.26,80.66,8.350000000000007,1,18.02,7.269999999999996
2022-02-05,20.0,30.0,25.0,Dhaka,17.49,21.84,76.58,30.160000000000007,1,18.68,-4.079999999999998
2022-02-06,25.0,35.0,30.0,Dhaka,15.48,17.18,73.97,47.28,1,17.49,-2.6099999999999994
2022-02-08,25.0,35.0,30.0,Dhaka,16.97,0.0,65.79,39.02000000000001,0,15.48,-8.179999999999993
2022-02-11,25.0,35.0,30.0,Dhaka,18.71,0.07,75.2,17.250000000000007,0,16.97,9.409999999999997
2022-02-15,40.0,45.0,42.5,Dhaka,18.16,0.0,63.96,0.07000000000000711,0,18.71,-11.240000000000002
2022-02-18,40.0,50.0,45.0,Dhaka,19.27,0.0,54.24,0.07000000000000711,0,18.16,-9.719999999999999
2022-02-19,40.0,50.0,45.0,Dhaka,19.57,0.0,53.55,0.0,0,19.27,-0.6900000000000048
2022-02-20,45.0,50.0,47.5,Dhaka,19.09,2.54,73.01,2.540000000000007,0,19.57,19.460000000000008
2022-02-23,45.0,55.0,50.0,Dhaka,21.46,0.02,66.58,2.560000000000007,0,19.09,-6.430000000000007
2022-02-23,45.0,55.0,50.0,Dhaka,21.46,0.02,66.58,2.580000000000007,0,21.46,0.0
2022-02-24,45.0,50.0,47.5,Dhaka,21.81,0.06,75.16,0.10000000000000711,0,21.46,8.579999999999998
2022-02-25,45.0,50.0,47.5,Dhaka,22.62,0.83,74.7,0.910000000000007,0,21.81,-0.45999999999999375
2022-02-26,45.0,50.0,47.5,Dhaka,23.07,0.6,72.65,1.4900000000000069,0,22.62,-2.049999999999997
2022-02-27,45.0,50.0,47.5,Dhaka,23.12,0.02,64.35,1.4500000000000068,0,23.07,-8.300000000000011
2022-03-01,45.0,50.0,47.5,Dhaka,23.14,0.34,62.88,0.9600000000000071,0,23.12,-1.4699999999999918
2022-03-02,45.0,50.0,47.5,Dhaka,22.27,0.0,60.18,0.36000000000000715,0,23.14,-2.700000000000003
2022-03-03,45.0,55.0,50.0,Dhaka,22.98,0.0,56.51,0.34000000000000713,0,22.27,-3.6700000000000017
2022-03-07,55.0,65.0,60.0,Dhaka,23.91,0.0,60.02,0.0,0,22.98,3.510000000000005
2022-03-08,55.0,65.0,60.0,Dhaka,24.5,0.0,56.53,0.0,0,23.91,-3.490000000000002
2022-03-10,55.0,65.0,60.0,Dhaka,24.56,0.0,50.93,0.0,0,24.5,-5.600000000000001
2022-03-11,55.0,65.0,60.0,Dhaka,24.65,0.0,51.11,0.0,0,24.56,0.17999999999999972
2022-04-12,25.0,35.0,30.0,Dhaka,30.97,0.51,63.9,0.5100000000000071,0,24.65,12.79
2022-04-13,25.0,30.0,27.5,Dhaka,31.26,0.23,61.95,0.7400000000000071,0,30.97,-1.9499999999999957
2022-04-16,25.0,35.0,30.0,Dhaka,30.72,0.12,67.28,0.8600000000000071,0,31.26,5.329999999999998
2022-04-20,25.0,30.0,27.5,Dhaka,28.59,16.16,73.89,16.51000000000001,1,30.72,6.609999999999999
2022-04-22,25.0,30.0,27.5,Dhaka,29.65,7.28,69.62,23.56000000000001,1,28.59,-4.269999999999996
2022-04-24,25.0,35.0,30.0,Dhaka,30.38,10.25,71.3,33.69000000000001,1,29.65,1.6799999999999926
2022-04-26,30.0,35.0,32.5,Dhaka,31.17,1.88,68.91,19.410000000000007,0,30.38,-2.3900000000000006
2022-05-06,30.0,35.0,32.5,Dhaka,29.35,11.72,71.02,23.85000000000001,1,31.17,2.1099999999999994
2022-05-17,40.0,45.0,42.5,Dhaka,28.64,5.08,87.38,18.680000000000007,1,29.35,16.36
2022-05-17,40.0,45.0,42.5,Dhaka,28.64,5.08,87.38,21.88000000000001,1,28.64,0.0
2022-05-20,38.0,40.0,39.0,Dhaka,28.95,26.55,84.6,36.71000000000001,1,28.64,-2.780000000000001
2022-05-22,40.0,45.0,42.5,Dhaka,28.61,10.22,82.76,41.85000000000001,1,28.95,-1.8399999999999892
2022-05-25,35.0,45.0,40.0,Dhaka,28.91,11.49,82.54,48.26000000000001,1,28.61,-0.21999999999999886
2022-05-28,35.0,45.0,40.0,Dhaka,29.16,10.21,80.99,31.92000000000001,1,28.91,-1.5500000000000114
2022-06-01,35.0,40.0,37.5,Dhaka,28.43,6.35,87.16,28.05000000000001,1,29.16,6.170000000000002
2022-06-02,35.0,40.0,37.5,Dhaka,28.84,3.01,83.98,19.570000000000007,0,28.43,-3.1799999999999926
2022-06-03,35.0,40.0,37.5,Dhaka,28.45,6.64,88.73,16.000000000000007,1,28.84,4.75
2022-06-05,35.0,40.0,37.5,Dhaka,28.44,5.06,86.85,14.710000000000006,1,28.45,-1.8800000000000097
2022-06-11,35.0,40.0,37.5,Dhaka,28.35,1.27,88.04,12.970000000000006,0,28.44,1.190000000000012
2022-06-16,35.0,45.0,40.0,Dhaka,27.45,16.48,91.91,22.810000000000006,1,28.35,3.8699999999999903
2022-06-26,45.0,50.0,47.5,Dhaka,28.03,3.18,89.36,20.930000000000007,0,27.45,-2.549999999999997
2022-07-21,40.0,45.0,42.5,Dhaka,28.88,2.96,86.79,22.620000000000008,0,28.03,-2.569999999999993
2022-08-22,45.0,55.0,50.0,Dhaka,28.95,2.45,85.11,8.590000000000007,0,28.88,-1.6800000000000068
2022-12-15,45.0,55.0,50.0,Dhaka,18.75,0.0,76.81,5.410000000000007,0,28.95,-8.299999999999997
2023-01-01,35.0,48.0,41.5,Dhaka,16.68,0.0,76.5,2.4500000000000073,0,18.75,-0.3100000000000023
2023-01-02,35.0,45.0,40.0,Dhaka,17.02,0.0,75.04,0.0,0,16.68,-1.4599999999999937
2023-01-03,30.0,45.0,37.5,Dhaka,16.73,0.0,79.31,0.0,0,17.02,4.269999999999996
2023-01-06,35.0,45.0,40.0,Dhaka,16.05,0.03,80.87,0.030000000000007104,0,16.73,1.5600000000000023
2023-01-07,35.0,45.0,40.0,Dhaka,16.58,0.0,82.34,0.030000000000007104,0,16.05,1.4699999999999989
2023-01-08,35.0,45.0,40.0,Dhaka,17.62,0.0,79.44,0.030000000000007104,0,16.58,-2.9000000000000057
2023-01-09,35.0,45.0,40.0,Dhaka,18.28,0.0,76.31,0.0,0,17.62,-3.1299999999999955
2023-01-10,30.0,45.0,37.5,Dhaka,18.45,0.0,73.4,0.0,0,18.28,-2.9099999999999966
2023-01-11,30.0,45.0,37.5,Dhaka,17.02,0.0,69.84,0.0,0,18.45,-3.5600000000000023
2023-01-12,35.0,45.0,40.0,Dhaka,16.35,0.0,67.09,0.0,0,17.02,-2.75
2023-01-13,35.0,45.0,40.0,Dhaka,17.65,0.0,64.49,0.0,0,16.35,-2.6000000000000085
2023-01-14,30.0,45.0,37.5,Dhaka,18.51,0.0,74.85,0.0,0,17.65,10.36
2023-01-15,35.0,45.0,40.0,Dhaka,18.58,0.0,78.43,0.0,0,18.51,3.5800000000000125
2023-01-16,35.0,45.0,40.0,Dhaka,17.61,0.0,71.86,0.0,0,18.58,-6.570000000000007
2023-01-17,35.0,45.0,40.0,Dhaka,16.8,0.0,73.78,0.0,0,17.61,1.9200000000000017
2023-01-18,35.0,45.0,40.0,Dhaka,15.91,0.0,68.71,0.0,0,16.8,-5.070000000000007
2023-01-19,35.0,45.0,40.0,Dhaka,15.21,0.0,65.83,0.0,0,15.91,-2.8799999999999955
2023-01-20,35.0,45.0,40.0,Dhaka,15.61,0.0,66.35,0.0,0,15.21,0.519999999999996
2023-01-21,35.0,45.0,40.0,Dhaka,16.96,6.96,68.19,6.960000000000007,1,15.61,1.8400000000000034
2023-01-22,30.0,35.0,32.5,Dhaka,17.91,0.0,64.34,6.960000000000007,0,16.96,-3.8499999999999943
2023-01-23,30.0,35.0,32.5,Dhaka,18.93,0.0,68.37,6.960000000000007,0,17.91,4.030000000000001
2023-01-24,30.0,35.0,32.5,Dhaka,19.57,0.0,70.07,0.0,0,18.93,1.6999999999999886
2023-01-25,30.0,35.0,32.5,Dhaka,20.45,0.0,65.78,0.0,0,19.57,-4.289999999999992
2023-01-26,30.0,35.0,32.5,Dhaka,21.23,0.0,66.98,0.0,0,20.45,1.2000000000000028
2023-01-27,35.0,40.0,37.5,Dhaka,21.18,0.0,71.75,0.0,0,21.23,4.769999999999996
2023-01-28,35.0,40.0,37.5,Dhaka,20.76,0.0,74.52,0.0,0,21.18,2.769999999999996
2023-01-29,35.0,40.0,37.5,Dhaka,19.66,0.0,70.57,0.0,0,20.76,-3.950000000000003
2023-01-30,35.0,40.0,37.5,Dhaka,20.63,0.0,67.1,0.0,0,19.66,-3.469999999999999
2023-01-31,35.0,40.0,37.5,Dhaka,21.35,0.0,70.18,0.0,0,20.63,3.0800000000000125
2023-02-01,35.0,40.0,37.5,Dhaka,20.81,0.0,64.69,0.0,0,21.35,-5.490000000000009
2023-02-02,30.0,40.0,35.0,Dhaka,18.56,0.0,60.82,0.0,0,20.81,-3.8699999999999974
2023-02-03,30.0,40.0,35.0,Dhaka,18.49,0.0,65.07,0.0,0,18.56,4.249999999999993
2023-02-04,30.0,40.0,35.0,Dhaka,19.15,0.0,59.13,0.0,0,18.49,-5.939999999999991
2023-02-06,30.0,40.0,35.0,Dhaka,21.15,0.0,47.76,0.0,0,19.15,-11.370000000000005
2023-02-07,30.0,40.0,35.0,Dhaka,20.26,0.0,63.78,0.0,0,21.15,16.020000000000003
2023-02-08,30.0,40.0,35.0,Dhaka,21.58,0.0,75.7,0.0,0,20.26,11.920000000000002
2023-02-09,30.0,40.0,35.0,Dhaka,22.03,0.0,70.01,0.0,0,21.58,-5.689999999999998
2023-02-12,30.0,40.0,35.0,Dhaka,22.25,0.0,70.65,0.0,0,22.03,0.6400000000000006
2023-02-12,30.0,40.0,35.0,Dhaka,22.25,0.0,70.65,0.0,0,22.25,0.0
2023-02-13,30.0,40.0,35.0,Dhaka,19.76,0.0,47.33,0.0,0,22.25,-23.320000000000007
2023-02-14,30.0,38.0,34.0,Dhaka,19.72,0.0,42.75,0.0,0,19.76,-4.579999999999998
2023-02-15,30.0,35.0,32.5,Dhaka,20.45,0.0,42.07,0.0,0,19.72,-0.6799999999999997
2023-02-16,30.0,35.0,32.5,Dhaka,20.98,0.0,46.45,0.0,0,20.45,4.380000000000003
2023-02-17,30.0,35.0,32.5,Dhaka,21.63,0.0,61.83,0.0,0,20.98,15.379999999999995
2023-02-18,30.0,35.0,32.5,Dhaka,23.03,0.0,61.3,0.0,0,21.63,-0.5300000000000011
2023-02-19,30.0,35.0,32.5,Dhaka,23.88,0.0,57.55,0.0,0,23.03,-3.75
2023-02-20,30.0,35.0,32.5,Dhaka,24.2,0.0,61.74,0.0,0,23.88,4.190000000000005
2023-02-22,30.0,35.0,32.5,Dhaka,25.18,0.0,72.0,0.0,0,24.2,10.259999999999998
2023-02-23,30.0,35.0,32.5,Dhaka,25.12,0.15,73.37,0.1500000000000071,0,25.18,1.3700000000000045
2023-02-24,30.0,35.0,32.5,Dhaka,25.25,0.22,68.82,0.3700000000000071,0,25.12,-4.550000000000011
2023-02-25,30.0,35.0,32.5,Dhaka,25.07,0.32,56.32,0.690000000000007,0,25.25,-12.499999999999993
2023-02-26,30.0,35.0,32.5,Dhaka,25.35,0.66,43.08,1.2000000000000073,0,25.07,-13.240000000000002
2023-02-27,30.0,35.0,32.5,Dhaka,25.49,0.0,42.69,0.9800000000000072,0,25.35,-0.39000000000000057
2023-02-28,25.0,35.0,30.0,Dhaka,24.82,0.01,46.68,0.6700000000000073,0,25.49,3.990000000000002
2023-03-02,25.0,35.0,30.0,Dhaka,25.49,0.0,44.74,0.010000000000007106,0,24.82,-1.9399999999999977
2023-03-02,25.0,35.0,30.0,Dhaka,25.49,0.0,44.74,0.010000000000007106,0,25.49,0.0
2023-03-03,25.0,35.0,30.0,Dhaka,25.74,0.0,44.18,0.0,0,25.49,-0.5600000000000023
2023-03-04,25.0,35.0,30.0,Dhaka,27.27,0.0,39.65,0.0,0,25.74,-4.530000000000001
2023-03-05,30.0,40.0,35.0,Dhaka,27.43,0.0,45.35,0.0,0,27.27,5.700000000000003
2023-03-07,30.0,40.0,35.0,Dhaka,26.89,0.0,43.62,0.0,0,27.43,-1.730000000000004
2023-03-09,30.0,40.0,35.0,Dhaka,26.9,0.0,43.41,0.0,0,26.89,-0.21000000000000085
2023-03-10,30.0,40.0,35.0,Dhaka,25.28,0.0,46.17,0.0,0,26.9,2.760000000000005
2023-03-11,30.0,40.0,35.0,Dhaka,27.39,0.0,43.04,0.0,0,25.28,-3.1300000000000026
2023-03-13,25.0,35.0,30.0,Dhaka,27.96,0.01,41.68,0.010000000000007106,0,27.39,-1.3599999999999994
2023-03-13,25.0,35.0,30.0,Dhaka,27.96,0.01,41.68,0.020000000000007106,0,27.96,0.0
2023-03-14,25.0,35.0,30.0,Dhaka,27.73,0.04,48.25,0.0600000000000071,0,27.96,6.57
2023-03-15,25.0,35.0,30.0,Dhaka,26.95,1.08,64.44,1.1300000000000072,0,27.73,16.189999999999998
2023-03-16,25.0,35.0,30.0,Dhaka,25.85,2.34,70.16,3.460000000000007,0,26.95,5.719999999999999
2023-03-18,25.0,35.0,30.0,Dhaka,25.54,3.77,63.47,7.190000000000007,0,25.85,-6.689999999999998
2023-03-19,30.0,40.0,35.0,Dhaka,23.81,7.89,76.41,14.000000000000007,1,25.54,12.939999999999998
2023-03-20,30.0,40.0,35.0,Dhaka,23.33,12.25,78.8,23.910000000000007,1,23.81,2.3900000000000006
2023-03-21,35.0,40.0,37.5,Dhaka,24.64,20.26,75.67,40.400000000000006,1,23.33,-3.1299999999999955
2023-03-22,35.0,40.0,37.5,Dhaka,24.97,13.21,71.79,45.72000000000001,1,24.64,-3.8799999999999955
2023-03-23,35.0,40.0,37.5,Dhaka,25.27,3.99,72.07,37.46000000000001,0,24.97,0.2799999999999869
2023-03-25,35.0,40.0,37.5,Dhaka,26.44,5.14,69.85,22.340000000000007,1,25.27,-2.219999999999999
2023-03-27,35.0,45.0,40.0,Dhaka,27.24,5.62,70.44,14.750000000000007,1,26.44,0.5900000000000034
2023-03-28,35.0,40.0,37.5,Dhaka,27.6,3.95,68.15,14.710000000000008,0,27.24,-2.289999999999992
2023-03-29,35.0,45.0,40.0,Dhaka,26.91,13.77,73.67,23.340000000000007,1,27.6,5.519999999999996
2023-03-30,30.0,45.0,37.5,Dhaka,26.29,12.21,75.42,29.930000000000007,1,26.91,1.75
2023-03-31,30.0,40.0,35.0,Dhaka,25.72,34.55,83.14,60.53,1,26.29,7.719999999999999
2023-04-01,30.0,45.0,37.5,Dhaka,24.47,48.65,86.45,95.41,1,25.72,3.3100000000000023
2023-04-02,30.0,40.0,35.0,Dhaka,24.99,4.64,77.57,87.83999999999999,0,24.47,-8.88000000000001
2023-04-04,30.0,40.0,35.0,Dhaka,27.2,0.65,76.12,53.94,0,24.99,-1.4499999999999886
2023-04-04,30.0,40.0,35.0,Dhaka,27.2,0.65,76.12,5.9399999999999995,0,27.2,0.0
2023-04-05,35.0,45.0,40.0,Dhaka,27.7,0.85,79.59,2.15,0,27.2,3.469999999999999
2023-04-06,30.0,40.0,35.0,Dhaka,27.95,1.18,71.02,2.68,0,27.7,-8.570000000000007
2023-04-07,30.0,40.0,35.0,Dhaka,28.12,3.3,63.48,5.33,0,27.95,-7.539999999999999
2023-04-08,30.0,40.0,35.0,Dhaka,28.49,0.0,58.93,4.4799999999999995,0,28.12,-4.549999999999997
2023-04-09,30.0,40.0,35.0,Dhaka,29.12,2.11,54.51,5.41,0,28.49,-4.420000000000002
2023-04-10,30.0,40.0,35.0,Dhaka,28.85,8.45,60.17,10.559999999999999,1,29.12,5.660000000000004
2023-04-11,30.0,40.0,35.0,Dhaka,29.15,0.0,64.76,10.559999999999999,0,28.85,4.590000000000003
2023-04-12,30.0,40.0,35.0,Dhaka,29.54,0.0,57.58,8.45,0,29.15,-7.180000000000007
2023-04-13,30.0,40.0,35.0,Dhaka,29.17,0.0,59.9,0.0,0,29.54,2.3200000000000003
2023-04-15,30.0,40.0,35.0,Dhaka,30.73,0.0,62.73,0.0,0,29.17,2.8299999999999983
2023-04-16,30.0,40.0,35.0,Dhaka,30.38,0.0,63.75,0.0,0,30.73,1.0200000000000031
2023-04-17,30.0,40.0,35.0,Dhaka,30.3,0.0,71.32,0.0,0,30.38,7.569999999999993
2023-04-18,30.0,40.0,35.0,Dhaka,30.74,0.0,70.45,0.0,0,30.3,-0.8699999999999903
2023-04-24,40.0,45.0,42.5,Dhaka,29.13,0.08,59.07,0.08,0,30.74,-11.380000000000003
2023-04-25,35.0,45.0,40.0,Dhaka,29.8,0.4,52.6,0.48000000000000004,0,29.13,-6.469999999999999
2023-04-26,45.0,50.0,47.5,Dhaka,30.41,0.01,48.93,0.49000000000000005,0,29.8,-3.6700000000000017
2023-04-27,45.0,50.0,47.5,Dhaka,31.33,0.11,49.31,0.52,0,30.41,0.38000000000000256
2023-04-28,50.0,55.0,52.5,Dhaka,29.3,12.95,60.71,13.069999999999999,1,31.33,11.399999999999999
2023-04-29,45.0,55.0,50.0,Dhaka,29.63,12.36,65.95,25.419999999999998,1,29.3,5.240000000000002
2023-04-30,45.0,55.0,50.0,Dhaka,29.34,8.71,66.28,34.019999999999996,1,29.63,0.3299999999999983
2023-05-02,45.0,55.0,50.0,Dhaka,29.81,0.16,58.5,21.23,0,29.34,-7.780000000000001
2023-05-03,50.0,55.0,52.5,Dhaka,29.29,11.41,64.86,20.28,1,29.81,6.359999999999999
2023-05-05,50.0,55.0,52.5,Dhaka,28.44,9.34,74.8,20.91,1,29.29,9.939999999999998
2023-05-06,50.0,55.0,52.5,Dhaka,29.5,3.7,72.35,24.45,0,28.44,-2.450000000000003
2023-05-07,50.0,60.0,55.0,Dhaka,30.52,3.99,64.25,17.03,0,29.5,-8.099999999999994
2023-05-08,50.0,60.0,55.0,Dhaka,31.4,0.0,56.75,7.69,0,30.52,-7.5
2023-05-09,60.0,65.0,62.5,Dhaka,31.8,0.0,54.97,3.99,0,31.4,-1.7800000000000011
2023-05-10,60.0,65.0,62.5,Dhaka,32.16,0.0,62.46,0.0,0,31.8,7.490000000000002
2023-05-11,60.0,65.0,62.5,Dhaka,31.62,1.24,64.41,1.24,0,32.16,1.9499999999999957
2023-05-12,60.0,65.0,62.5,Dhaka,30.61,2.05,67.22,3.29,0,31.62,2.8100000000000023
2023-05-13,60.0,70.0,65.0,Dhaka,31.0,0.58,63.17,3.87,0,30.61,-4.049999999999997
2023-05-14,60.0,70.0,65.0,Dhaka,29.16,0.34,62.84,2.9699999999999998,0,31.0,-0.3299999999999983
2023-05-15,65.0,70.0,67.5,Dhaka,29.46,0.56,59.74,1.48,0,29.16,-3.1000000000000014
2023-05-16,65.0,70.0,67.5,Dhaka,30.21,9.83,72.33,10.73,1,29.46,12.589999999999996
2023-05-17,70.0,75.0,72.5,Dhaka,28.74,28.42,84.07,38.81,1,30.21,11.739999999999995
2023-05-18,75.0,80.0,77.5,Dhaka,27.98,40.08,87.16,78.33,1,28.74,3.0900000000000034
2023-05-19,75.0,80.0,77.5,Dhaka,27.94,6.52,85.46,75.02,1,27.98,-1.7000000000000028
2023-05-21,70.0,80.0,75.0,Dhaka,28.77,5.71,81.61,52.309999999999995,1,27.94,-3.8499999999999943
2023-05-22,70.0,80.0,75.0,Dhaka,28.47,21.77,86.0,34.0,1,28.77,4.390000000000001
2023-05-23,70.0,75.0,72.5,Dhaka,28.03,31.54,88.63,59.019999999999996,1,28.47,2.6299999999999955
2023-05-24,70.0,75.0,72.5,Dhaka,27.14,52.24,85.97,105.55000000000001,1,28.03,-2.6599999999999966
2023-05-25,70.0,75.0,72.5,Dhaka,27.3,11.91,86.28,95.69000000000001,1,27.14,0.3100000000000023
2023-05-26,70.0,75.0,72.5,Dhaka,28.36,5.28,84.1,69.43,1,27.3,-2.180000000000007
2023-05-27,70.0,75.0,72.5,Dhaka,28.02,13.58,83.62,30.770000000000007,1,28.36,-0.47999999999998977
2023-05-28,70.0,75.0,72.5,Dhaka,28.84,6.79,74.89,25.650000000000006,1,28.02,-8.730000000000004
2023-05-29,70.0,75.0,72.5,Dhaka,29.97,0.4,70.08,20.770000000000007,0,28.84,-4.810000000000002
2023-05-30,70.0,75.0,72.5,Dhaka,30.88,0.0,69.61,7.1900000000000075,0,29.97,-0.46999999999999886
2023-05-31,75.0,80.0,77.5,Dhaka,31.21,0.0,73.83,0.4000000000000071,0,30.88,4.219999999999999
2023-06-02,75.0,80.0,77.5,Dhaka,29.8,0.06,83.31,0.0600000000000071,0,31.21,9.480000000000004
2023-06-04,90.0,100.0,95.0,Dhaka,29.87,0.57,81.87,0.630000000000007,0,29.8,-1.4399999999999977
2023-06-05,80.0,90.0,85.0,Dhaka,30.13,0.21,77.89,0.8400000000000071,0,29.87,-3.980000000000004
2023-06-06,80.0,90.0,85.0,Dhaka,30.07,0.02,78.88,0.8000000000000071,0,30.13,0.9899999999999949
2023-06-07,70.0,75.0,72.5,Dhaka,30.39,1.19,77.73,1.420000000000007,0,30.07,-1.1499999999999915
2023-06-10,70.0,75.0,72.5,Dhaka,29.46,14.86,80.78,16.070000000000007,1,30.39,3.049999999999997
2023-06-11,70.0,75.0,72.5,Dhaka,29.31,14.65,85.57,30.70000000000001,1,29.46,4.789999999999992
2023-06-13,75.0,80.0,77.5,Dhaka,29.38,16.95,87.77,46.46000000000001,1,29.31,2.200000000000003
2023-06-14,75.0,80.0,77.5,Dhaka,29.11,12.41,90.0,44.010000000000005,1,29.38,2.230000000000004
2023-06-16,70.0,75.0,72.5,Dhaka,29.09,18.38,89.31,47.74000000000001,1,29.11,-0.6899999999999977
2023-06-19,70.0,75.0,72.5,Dhaka,28.32,16.18,92.0,46.97,1,29.09,2.6899999999999977
2023-06-20,70.0,75.0,72.5,Dhaka,28.76,8.42,88.79,42.980000000000004,1,28.32,-3.2099999999999937
2023-06-23,65.0,70.0,67.5,Dhaka,28.59,3.84,86.74,28.440000000000005,0,28.76,-2.0500000000000114
2023-06-24,70.0,80.0,75.0,Dhaka,28.69,11.81,87.91,24.070000000000004,1,28.59,1.1700000000000017
2023-06-25,65.0,70.0,67.5,Dhaka,28.34,5.2,86.83,20.850000000000005,1,28.69,-1.0799999999999983
2023-06-26,65.0,70.0,67.5,Dhaka,28.17,10.47,87.37,27.480000000000004,1,28.34,0.5400000000000063
2023-07-02,80.0,85.0,82.5,Dhaka,28.52,23.69,91.56,39.36000000000001,1,28.17,4.189999999999998
2023-07-04,70.0,80.0,75.0,Dhaka,29.53,1.53,86.4,35.69,0,28.52,-5.159999999999997
2023-07-06,70.0,80.0,75.0,Dhaka,28.82,10.32,89.59,35.54,1,29.53,3.1899999999999977
2023-07-07,70.0,80.0,75.0,Dhaka,28.44,21.48,92.07,33.33,1,28.82,2.4799999999999898
2023-07-08,70.0,80.0,75.0,Dhaka,28.52,6.42,89.91,38.22,1,28.44,-2.1599999999999966
2023-07-10,70.0,80.0,75.0,Dhaka,29.28,6.86,88.51,34.76,1,28.52,-1.3999999999999915
2023-07-12,60.0,70.0,65.0,Dhaka,28.12,3.9,89.84,17.180000000000003,0,29.28,1.3299999999999983
2023-07-13,60.0,70.0,65.0,Dhaka,28.27,5.33,92.62,16.090000000000003,1,28.12,2.780000000000001
2023-07-16,60.0,70.0,65.0,Dhaka,28.32,5.72,90.62,14.950000000000003,1,28.27,-2.0
2023-07-22,60.0,70.0,65.0,Dhaka,29.11,2.79,87.99,13.840000000000003,0,28.32,-2.6300000000000097
2023-07-23,60.0,65.0,62.5,Dhaka,28.9,1.55,89.57,10.060000000000004,0,29.11,1.5799999999999983
2023-07-25,60.0,65.0,62.5,Dhaka,29.34,1.23,85.75,5.570000000000004,0,28.9,-3.819999999999993
2023-07-30,60.0,65.0,62.5,Dhaka,29.95,0.69,84.9,3.4700000000000033,0,29.34,-0.8499999999999943
2023-07-31,60.0,65.0,62.5,Dhaka,31.04,7.36,79.96,9.280000000000003,1,29.95,-4.940000000000012
2023-08-04,60.0,65.0,62.5,Dhaka,28.64,27.3,90.33,35.35,1,31.04,10.370000000000005
2023-08-05,60.0,65.0,62.5,Dhaka,28.53,13.82,88.99,48.480000000000004,1,28.64,-1.3400000000000034
2023-08-07,75.0,80.0,77.5,Dhaka,28.22,74.9,93.49,116.02000000000001,1,28.53,4.5
2023-08-12,75.0,85.0,80.0,Dhaka,27.88,25.45,92.31,114.17,1,28.22,-1.1799999999999926
2023-08-13,80.0,85.0,82.5,Dhaka,28.15,29.5,85.81,129.85,1,27.88,-6.5
2023-08-17,65.0,80.0,72.5,Dhaka,28.71,13.35,89.54,68.3,1,28.15,3.730000000000004
2023-08-19,80.0,85.0,82.5,Dhaka,28.19,7.05,91.13,49.9,1,28.71,1.5899999999999892
2023-08-20,80.0,85.0,82.5,Dhaka,28.8,2.68,88.02,23.08,0,28.19,-3.1099999999999994
2023-08-26,80.0,85.0,82.5,Dhaka,28.45,27.87,90.47,37.6,1,28.8,2.450000000000003
2023-08-31,80.0,90.0,85.0,Dhaka,28.99,6.05,87.3,36.599999999999994,1,28.45,-3.1700000000000017
2023-09-03,80.0,90.0,85.0,Dhaka,28.32,28.73,90.5,62.65,1,28.99,3.200000000000003
2023-09-04,80.0,90.0,85.0,Dhaka,27.79,19.88,89.45,54.66,1,28.32,-1.0499999999999972
2023-09-05,80.0,90.0,85.0,Dhaka,29.19,14.33,85.74,62.94,1,27.79,-3.710000000000008
2023-09-07,80.0,90.0,85.0,Dhaka,28.17,21.02,90.71,55.22999999999999,1,29.19,4.969999999999999
2023-09-08,80.0,90.0,85.0,Dhaka,27.73,14.14,94.23,49.489999999999995,1,28.17,3.5200000000000102
2023-09-10,80.0,90.0,85.0,Dhaka,29.06,3.81,85.95,38.97,0,27.73,-8.280000000000001
2023-09-11,70.0,80.0,75.0,Dhaka,29.13,5.15,83.94,23.099999999999994,1,29.06,-2.010000000000005
2023-09-18,70.0,80.0,75.0,Dhaka,28.06,31.18,90.2,40.13999999999999,1,29.13,6.260000000000005
2023-09-19,70.0,80.0,75.0,Dhaka,27.72,17.03,91.39,53.35999999999999,1,28.06,1.1899999999999977
2023-09-21,70.0,80.0,75.0,Dhaka,27.73,23.76,93.73,71.97,1,27.72,2.3400000000000034
2023-09-22,70.0,80.0,75.0,Dhaka,27.94,21.25,91.85,62.03999999999999,1,27.73,-1.8800000000000097
2023-09-25,70.0,80.0,75.0,Dhaka,28.5,11.83,89.53,56.839999999999996,1,27.94,-2.319999999999993
2023-09-26,70.0,80.0,75.0,Dhaka,29.17,9.16,82.49,42.239999999999995,1,28.5,-7.040000000000006
2023-10-03,80.0,90.0,85.0,Dhaka,27.71,13.83,91.21,34.81999999999999,1,29.17,8.719999999999999
2023-10-04,80.0,90.0,85.0,Dhaka,27.03,30.5,93.93,53.489999999999995,1,27.71,2.720000000000013
2023-10-05,80.0,90.0,85.0,Dhaka,27.33,61.61,95.61,105.94,1,27.03,1.6799999999999926
2023-10-08,85.0,95.0,90.0,Dhaka,28.48,4.47,88.61,96.58,0,27.33,-7.0
2023-10-09,80.0,100.0,90.0,Dhaka,28.43,6.44,89.51,72.52,1,28.48,0.9000000000000057
2023-10-10,80.0,100.0,90.0,Dhaka,29.08,0.37,78.57,11.279999999999992,0,28.43,-10.940000000000012
2023-10-11,80.0,100.0,90.0,Dhaka,28.67,2.61,78.87,9.419999999999993,0,29.08,0.30000000000001137
2023-10-13,85.0,100.0,92.5,Dhaka,28.25,8.67,73.11,11.649999999999991,1,28.67,-5.760000000000005
2023-10-16,85.0,95.0,90.0,Dhaka,27.02,0.0,76.57,11.279999999999994,0,28.25,3.4599999999999937
2023-10-17,85.0,95.0,90.0,Dhaka,26.98,0.04,73.95,8.709999999999992,0,27.02,-2.6199999999999903
2023-10-19,90.0,100.0,95.0,Dhaka,25.62,0.24,83.13,0.2799999999999929,0,26.98,9.179999999999993
2023-10-20,90.0,100.0,95.0,Dhaka,25.05,0.0,85.31,0.2799999999999929,0,25.62,2.180000000000007
2023-10-21,95.0,100.0,97.5,Dhaka,25.22,0.0,80.18,0.23999999999999289,0,25.05,-5.1299999999999955
2023-10-23,95.0,100.0,97.5,Dhaka,26.06,4.78,81.86,4.779999999999993,0,25.22,1.6799999999999926
2023-10-25,95.0,100.0,97.5,Dhaka,26.01,4.76,85.38,9.539999999999992,0,26.06,3.519999999999996
2023-10-25,95.0,100.0,97.5,Dhaka,26.01,4.76,85.38,14.299999999999994,0,26.01,0.0
2023-10-26,95.0,105.0,100.0,Dhaka,26.6,2.27,79.31,11.789999999999992,0,26.01,-6.069999999999993
2023-10-27,95.0,105.0,100.0,Dhaka,25.45,0.71,80.73,7.739999999999993,0,26.6,1.4200000000000017
2023-10-28,95.0,105.0,100.0,Dhaka,24.07,0.0,80.59,2.979999999999993,0,25.45,-0.14000000000000057
2023-10-30,115.0,130.0,122.5,Dhaka,24.88,0.0,74.52,0.7099999999999929,0,24.07,-6.070000000000007
2023-10-31,125.0,130.0,127.5,Dhaka,25.4,0.0,76.76,0.0,0,24.88,2.240000000000009
2023-11-01,125.0,135.0,130.0,Dhaka,25.12,0.0,80.63,0.0,0,25.4,3.8699999999999903
2023-11-03,125.0,135.0,130.0,Dhaka,25.3,0.0,81.09,0.0,0,25.12,0.46000000000000796
2023-11-07,130.0,135.0,132.5,Dhaka,22.7,0.0,81.46,0.0,0,25.3,0.36999999999999034
2023-11-07,125.0,130.0,127.5,Dhaka,22.7,0.0,81.46,0.0,0,22.7,0.0
2023-11-09,130.0,135.0,132.5,Dhaka,22.79,0.0,82.05,0.0,0,22.7,0.5900000000000034
2023-11-10,125.0,130.0,127.5,Dhaka,22.78,0.0,80.47,0.0,0,22.79,-1.5799999999999983
2023-11-11,125.0,130.0,127.5,Dhaka,22.84,0.0,80.69,0.0,0,22.78,0.21999999999999886
2023-11-12,120.0,130.0,125.0,Dhaka,23.03,0.0,79.88,0.0,0,22.84,-0.8100000000000023
2023-11-13,120.0,130.0,125.0,Dhaka,23.06,0.0,79.64,0.0,0,23.03,-0.23999999999999488
2023-11-15,120.0,130.0,125.0,Dhaka,23.73,0.0,73.64,0.0,0,23.06,-6.0
2023-11-15,120.0,130.0,125.0,Dhaka,23.73,0.0,73.64,0.0,0,23.73,0.0
2023-11-16,100.0,125.0,112.5,Dhaka,23.74,34.68,85.94,34.67999999999999,1,23.73,12.299999999999997
2023-11-17,100.0,125.0,112.5,Dhaka,22.97,100.82,93.5,135.5,1,23.74,7.560000000000002
2023-11-18,100.0,125.0,112.5,Dhaka,22.73,14.07,87.84,149.57,1,22.97,-5.659999999999997
2023-11-19,110.0,125.0,117.5,Dhaka,23.64,1.31,84.26,116.19999999999997,0,22.73,-3.5799999999999983
2023-11-20,110.0,125.0,117.5,Dhaka,23.59,0.01,84.26,15.389999999999986,0,23.64,0.0
2023-11-21,110.0,120.0,115.0,Dhaka,23.52,0.03,80.27,1.3499999999999859,0,23.59,-3.990000000000009
2023-11-22,110.0,120.0,115.0,Dhaka,21.93,0.06,83.74,0.0999999999999858,0,23.52,3.469999999999999
2023-11-23,100.0,120.0,110.0,Dhaka,20.81,0.0,80.78,0.08999999999998579,0,21.93,-2.9599999999999937
2023-11-24,100.0,120.0,110.0,Dhaka,21.84,0.0,75.57,0.05999999999998579,0,20.81,-5.210000000000008
2023-11-25,100.0,120.0,110.0,Dhaka,21.93,0.0,74.71,0.0,0,21.84,-0.8599999999999994
2023-11-26,110.0,120.0,115.0,Dhaka,22.02,0.0,75.72,0.0,0,21.93,1.0100000000000051
2023-11-27,100.0,120.0,110.0,Dhaka,22.94,0.0,78.7,0.0,0,22.02,2.980000000000004
2023-11-29,100.0,120.0,110.0,Dhaka,23.06,0.0,74.18,0.0,0,22.94,-4.519999999999996
2023-11-29,105.0,120.0,112.5,Dhaka,23.06,0.0,74.18,0.0,0,23.06,0.0
2023-11-30,105.0,120.0,112.5,Dhaka,22.37,0.0,82.08,0.0,0,23.06,7.8999999999999915
2023-12-01,105.0,125.0,115.0,Dhaka,22.17,0.0,79.79,0.0,0,22.37,-2.289999999999992
2023-12-02,105.0,125.0,115.0,Dhaka,22.35,0.0,78.84,0.0,0,22.17,-0.9500000000000028
2023-12-03,110.0,130.0,120.0,Dhaka,22.56,0.0,82.46,0.0,0,22.35,3.6199999999999903
2023-12-04,120.0,135.0,127.5,Dhaka,22.5,0.0,82.66,0.0,0,22.56,0.20000000000000284
2023-12-05,110.0,135.0,122.5,Dhaka,22.13,0.1,80.85,0.0999999999999858,0,22.5,-1.8100000000000023
2023-12-06,120.0,135.0,127.5,Dhaka,21.57,2.85,86.17,2.949999999999986,0,22.13,5.320000000000007
2023-12-07,120.0,135.0,127.5,Dhaka,20.86,15.14,93.5,18.089999999999986,1,21.57,7.329999999999998
2023-12-08,120.0,140.0,130.0,Dhaka,21.07,33.73,91.8,51.719999999999985,1,20.86,-1.7000000000000028
2023-12-09,180.0,190.0,185.0,Dhaka,20.16,4.54,88.95,53.409999999999975,0,21.07,-2.8499999999999943
2023-12-10,180.0,190.0,185.0,Dhaka,18.59,0.0,82.15,38.26999999999998,0,20.16,-6.799999999999997
2023-12-20,100.0,120.0,110.0,Dhaka,18.36,0.0,81.19,4.539999999999979,0,18.59,-0.960000000000008
2023-12-20,100.0,110.0,105.0,Dhaka,18.36,0.0,81.19,0.0,0,18.36,0.0
2023-12-21,100.0,120.0,110.0,Dhaka,19.24,0.0,75.42,0.0,0,18.36,-5.769999999999996
2023-12-22,100.0,120.0,110.0,Dhaka,19.77,0.0,78.67,0.0,0,19.24,3.25
2023-12-23,100.0,120.0,110.0,Dhaka,20.01,0.0,75.96,0.0,0,19.77,-2.710000000000008
2023-12-24,100.0,120.0,110.0,Dhaka,20.49,0.01,73.99,0.009999999999978684,0,20.01,-1.9699999999999989
2023-12-26,95.0,100.0,97.5,Dhaka,19.82,0.0,77.87,0.009999999999978684,0,20.49,3.8800000000000097
2023-12-27,80.0,90.0,85.0,Dhaka,20.17,0.0,76.07,0.009999999999978684,0,19.82,-1.8000000000000114
2023-12-28,90.0,100.0,95.0,Dhaka,19.9,0.0,78.02,0.0,0,20.17,1.9500000000000028
2023-12-30,90.0,100.0,95.0,Dhaka,20.14,0.07,76.22,0.06999999999997869,0,19.9,-1.7999999999999972
2023-12-30,85.0,100.0,92.5,Dhaka,20.14,0.07,76.22,0.1399999999999787,0,20.14,0.0
2023-12-31,80.0,100.0,90.0,Dhaka,18.42,0.0,84.21,0.1399999999999787,0,20.14,7.989999999999995
2024-01-01,80.0,100.0,90.0,Dhaka,17.86,0.0,84.34,0.06999999999997869,0,18.42,0.13000000000000966
2024-01-02,80.0,90.0,85.0,Dhaka,16.85,0.54,85.89,0.5399999999999787,0,17.86,1.5499999999999972
2024-01-03,80.0,90.0,85.0,Dhaka,16.89,0.0,81.72,0.5399999999999787,0,16.85,-4.170000000000002
2024-01-04,80.0,90.0,85.0,Dhaka,16.94,0.0,83.2,0.5399999999999787,0,16.89,1.480000000000004
2024-01-05,80.0,90.0,85.0,Dhaka,16.96,0.0,82.44,0.0,0,16.94,-0.7600000000000051
2024-01-06,80.0,90.0,85.0,Dhaka,17.66,0.0,80.99,0.0,0,16.96,-1.4500000000000028
2024-01-08,85.0,95.0,90.0,Dhaka,17.64,0.0,85.5,0.0,0,17.66,4.510000000000005
2024-01-09,85.0,100.0,92.5,Dhaka,16.6,0.0,82.34,0.0,0,17.64,-3.1599999999999966
2024-01-10,80.0,100.0,90.0,Dhaka,16.34,0.0,78.13,0.0,0,16.6,-4.210000000000008
2024-01-11,80.0,100.0,90.0,Dhaka,16.47,0.0,82.36,0.0,0,16.34,4.230000000000004
2024-01-12,80.0,100.0,90.0,Dhaka,15.1,0.0,83.11,0.0,0,16.47,0.75
2024-01-13,80.0,100.0,90.0,Dhaka,15.07,0.0,84.29,0.0,0,15.1,1.1800000000000068
2024-01-14,70.0,90.0,80.0,Dhaka,15.59,0.0,78.72,0.0,0,15.07,-5.570000000000007
2024-01-15,70.0,90.0,80.0,Dhaka,15.85,0.0,81.22,0.0,0,15.59,2.5
2024-01-16,70.0,90.0,80.0,Dhaka,15.68,0.0,78.35,0.0,0,15.85,-2.8700000000000045
2024-01-17,70.0,80.0,75.0,Dhaka,15.74,0.0,76.49,0.0,0,15.68,-1.8599999999999994
2024-01-19,70.0,80.0,75.0,Dhaka,17.49,0.74,79.51,0.7399999999999787,0,15.74,3.0200000000000102
2024-01-20,70.0,80.0,75.0,Dhaka,15.97,8.42,81.61,9.159999999999979,1,17.49,2.0999999999999943
2024-01-21,70.0,80.0,75.0,Dhaka,15.12,0.0,78.04,9.159999999999979,0,15.97,-3.569999999999993
2024-01-21,65.0,75.0,70.0,Dhaka,15.12,0.0,78.04,8.419999999999979,0,15.12,0.0
2024-01-23,75.0,80.0,77.5,Dhaka,15.06,0.0,74.33,0.0,0,15.12,-3.710000000000008
2024-01-23,75.0,80.0,77.5,Dhaka,15.06,0.0,74.33,0.0,0,15.06,0.0
2024-01-24,80.0,90.0,85.0,Dhaka,15.71,3.39,78.76,3.389999999999979,0,15.06,4.430000000000007
2024-01-25,80.0,90.0,85.0,Dhaka,16.41,0.88,75.9,4.269999999999979,0,15.71,-2.8599999999999994
2024-01-26,75.0,90.0,82.5,Dhaka,15.25,0.55,73.63,4.819999999999979,0,16.41,-2.2700000000000102
2024-01-27,75.0,90.0,82.5,Dhaka,14.86,0.0,73.84,1.4299999999999788,0,15.25,0.21000000000000796
2024-01-28,90.0,100.0,95.0,Dhaka,14.95,0.0,71.84,0.5499999999999787,0,14.86,-2.0
2024-01-29,90.0,100.0,95.0,Dhaka,16.38,0.0,65.77,0.0,0,14.95,-6.070000000000007
2024-01-30,85.0,100.0,92.5,Dhaka,17.64,0.02,61.66,0.019999999999978684,0,16.38,-4.109999999999999
2024-01-31,85.0,95.0,90.0,Dhaka,19.37,0.68,69.65,0.6999999999999788,0,17.64,7.990000000000009
2024-02-01,80.0,90.0,85.0,Dhaka,20.08,1.51,81.3,2.2099999999999786,0,19.37,11.649999999999991
2024-02-02,80.0,90.0,85.0,Dhaka,19.83,3.16,83.44,5.349999999999978,0,20.08,2.1400000000000006
2024-02-03,80.0,90.0,85.0,Dhaka,19.47,0.16,72.58,4.829999999999979,0,19.83,-10.86
2024-02-04,85.0,100.0,92.5,Dhaka,19.07,0.0,60.77,3.319999999999979,0,19.47,-11.809999999999995
2024-02-05,85.0,100.0,92.5,Dhaka,20.21,0.0,63.56,0.1599999999999787,0,19.07,2.789999999999999
2024-02-06,85.0,100.0,92.5,Dhaka,21.27,0.0,70.62,0.0,0,20.21,7.060000000000002
2024-02-07,85.0,100.0,92.5,Dhaka,20.37,0.0,75.58,0.0,0,21.27,4.959999999999994
2024-02-08,90.0,100.0,95.0,Dhaka,17.98,0.0,58.8,0.0,0,20.37,-16.78
2024-02-09,100.0,120.0,110.0,Dhaka,16.48,0.0,63.09,0.0,0,17.98,4.290000000000006
2024-02-11,95.0,120.0,107.5,Dhaka,18.47,0.0,68.42,0.0,0,16.48,5.329999999999998
2024-02-12,100.0,110.0,105.0,Dhaka,20.06,0.0,59.62,0.0,0,18.47,-8.800000000000004
2024-02-13,100.0,110.0,105.0,Dhaka,20.82,0.0,57.79,0.0,0,20.06,-1.8299999999999983
2024-02-14,100.0,120.0,110.0,Dhaka,21.75,0.0,62.49,0.0,0,20.82,4.700000000000003
2024-02-15,90.0,120.0,105.0,Dhaka,21.91,0.51,72.59,0.5099999999999787,0,21.75,10.100000000000001
2024-02-16,90.0,120.0,105.0,Dhaka,21.46,0.09,75.43,0.5999999999999787,0,21.91,2.8400000000000034
2024-02-17,105.0,120.0,112.5,Dhaka,20.82,0.43,62.16,1.0299999999999787,0,21.46,-13.27000000000001
2024-02-18,90.0,110.0,100.0,Dhaka,21.35,0.0,51.38,0.5199999999999787,0,20.82,-10.779999999999994
2024-02-19,100.0,120.0,110.0,Dhaka,21.13,0.0,51.89,0.42999999999997873,0,21.35,0.509999999999998
2024-02-20,100.0,120.0,110.0,Dhaka,22.18,0.0,76.21,0.0,0,21.13,24.319999999999993
2024-02-22,110.0,120.0,115.0,Dhaka,24.59,14.09,81.16,14.089999999999979,1,22.18,4.950000000000003
2024-02-23,110.0,120.0,115.0,Dhaka,22.55,13.45,75.39,27.539999999999978,1,24.59,-5.769999999999996
2024-02-24,110.0,120.0,115.0,Dhaka,22.2,7.48,69.12,35.01999999999998,1,22.55,-6.269999999999996
2024-02-25,110.0,120.0,115.0,Dhaka,20.9,0.32,65.84,21.24999999999998,0,22.2,-3.280000000000001
2024-02-27,110.0,120.0,115.0,Dhaka,21.33,0.0,59.21,7.799999999999979,0,20.9,-6.630000000000003
2024-02-28,110.0,120.0,115.0,Dhaka,22.99,0.0,54.24,0.3199999999999787,0,21.33,-4.969999999999999
2024-02-29,110.0,120.0,115.0,Dhaka,22.97,0.0,59.52,0.0,0,22.99,5.280000000000001
2024-03-01,110.0,120.0,115.0,Dhaka,22.03,0.0,56.95,0.0,0,22.97,-2.5700000000000003
2024-03-02,110.0,120.0,115.0,Dhaka,22.5,0.0,51.19,0.0,0,22.03,-5.760000000000005
2024-03-03,110.0,120.0,115.0,Dhaka,23.86,0.0,51.63,0.0,0,22.5,0.44000000000000483
2024-03-04,110.0,120.0,115.0,Dhaka,24.02,0.42,56.07,0.41999999999997867,0,23.86,4.439999999999998
2024-03-07,80.0,100.0,90.0,Dhaka,23.55,0.0,42.34,0.41999999999997867,0,24.02,-13.729999999999997
2024-03-08,80.0,100.0,90.0,Dhaka,23.73,0.0,45.26,0.41999999999997867,0,23.55,2.9199999999999946
2024-03-09,80.0,100.0,90.0,Dhaka,23.44,0.0,41.26,0.0,0,23.73,-4.0
2024-03-10,90.0,100.0,95.0,Dhaka,22.88,0.0,40.12,0.0,0,23.44,-1.1400000000000006
2024-03-11,90.0,100.0,95.0,Dhaka,22.99,0.0,46.21,0.0,0,22.88,6.090000000000003
2024-03-12,90.0,110.0,100.0,Dhaka,25.18,0.0,49.29,0.0,0,22.99,3.0799999999999983
2024-03-13,80.0,100.0,90.0,Dhaka,25.99,0.0,69.01,0.0,0,25.18,19.720000000000006
2024-03-14,80.0,90.0,85.0,Dhaka,26.41,5.22,74.66,5.219999999999978,1,25.99,5.6499999999999915
2024-03-15,80.0,90.0,85.0,Dhaka,26.93,6.31,70.33,11.529999999999978,1,26.41,-4.329999999999998
2024-03-16,70.0,90.0,80.0,Dhaka,27.13,8.89,65.8,20.41999999999998,1,26.93,-4.530000000000001
2024-03-19,60.0,70.0,65.0,Dhaka,27.92,2.0,56.38,17.19999999999998,0,27.13,-9.419999999999995
2024-03-20,60.0,70.0,65.0,Dhaka,24.55,2.49,67.82,13.37999999999998,0,27.92,11.43999999999999
2024-03-21,55.0,70.0,62.5,Dhaka,23.95,3.54,68.7,8.02999999999998,0,24.55,0.8800000000000097
2024-03-22,60.0,70.0,65.0,Dhaka,23.82,7.21,70.58,13.239999999999979,1,23.95,1.8799999999999955
2024-03-23,60.0,70.0,65.0,Dhaka,24.82,9.1,74.09,19.84999999999998,1,23.82,3.510000000000005
2024-03-24,60.0,70.0,65.0,Dhaka,26.62,11.59,76.74,27.899999999999977,1,24.82,2.6499999999999915
2024-03-25,58.0,70.0,64.0,Dhaka,26.55,11.89,76.53,32.57999999999998,1,26.62,-0.20999999999999375
2024-03-27,60.0,70.0,65.0,Dhaka,27.57,0.07,68.22,23.549999999999976,0,26.55,-8.310000000000002
2024-03-28,55.0,60.0,57.5,Dhaka,27.3,2.67,72.64,14.62999999999998,0,27.57,4.420000000000002
2024-03-29,55.0,60.0,57.5,Dhaka,26.75,8.6,75.45,11.339999999999979,1,27.3,2.8100000000000023
2024-03-30,50.0,60.0,55.0,Dhaka,27.97,11.82,79.91,23.08999999999998,1,26.75,4.459999999999994
2024-03-31,50.0,60.0,55.0,Dhaka,28.37,12.56,78.87,32.97999999999998,1,27.97,-1.039999999999992
2024-04-01,45.0,60.0,52.5,Dhaka,28.7,14.03,76.5,38.40999999999998,1,28.37,-2.3700000000000045
2024-04-02,45.0,55.0,50.0,Dhaka,29.14,0.04,73.71,26.629999999999978,0,28.7,-2.7900000000000063
2024-04-04,45.0,55.0,50.0,Dhaka,29.5,0.16,74.1,14.229999999999977,0,29.14,0.39000000000000057
2024-04-08,45.0,50.0,47.5,Dhaka,29.46,0.12,56.23,0.3199999999999787,0,29.5,-17.869999999999997
2024-04-08,45.0,50.0,47.5,Dhaka,29.46,0.12,56.23,0.3999999999999787,0,29.46,0.0
2024-04-08,45.0,50.0,47.5,Dhaka,29.46,0.12,56.23,0.36,0,29.46,0.0
2024-04-08,55.0,60.0,57.5,Dhaka,29.46,0.12,56.23,0.36,0,29.46,0.0
2024-04-09,55.0,65.0,60.0,Dhaka,29.76,0.0,48.97,0.23999999999997867,0,29.46,-7.259999999999998
2024-04-16,55.0,60.0,57.5,Dhaka,31.5,1.17,57.57,1.2899999999999787,0,29.76,8.600000000000001
2024-04-16,55.0,65.0,60.0,Dhaka,31.5,1.17,57.57,2.3399999999999785,0,31.5,0.0
2024-04-17,55.0,65.0,60.0,Dhaka,30.95,9.47,68.25,11.80999999999998,1,31.5,10.68
2024-04-18,60.0,65.0,62.5,Dhaka,30.68,8.62,73.3,19.259999999999977,1,30.95,5.049999999999997
2024-04-19,60.0,65.0,62.5,Dhaka,31.38,2.97,67.1,21.059999999999977,0,30.68,-6.200000000000003
2024-04-20,60.0,65.0,62.5,Dhaka,32.11,0.86,63.71,12.449999999999978,0,31.38,-3.3899999999999935
2024-04-21,60.0,65.0,62.5,Dhaka,32.03,0.07,66.67,3.899999999999979,0,32.11,2.960000000000001
2024-04-22,60.0,65.0,62.5,Dhaka,32.01,0.23,65.1,1.1599999999999786,0,32.03,-1.5700000000000074
2024-04-23,60.0,65.0,62.5,Dhaka,31.69,0.05,59.32,0.3499999999999787,0,32.01,-5.779999999999994
2024-04-24,60.0,65.0,62.5,Dhaka,32.33,0.01,55.75,0.2899999999999787,0,31.69,-3.5700000000000003
2024-04-25,58.0,60.0,59.0,Dhaka,32.87,0.01,57.38,0.06999999999997869,0,32.33,1.6300000000000026
2024-04-26,58.0,60.0,59.0,Dhaka,32.71,0.11,58.93,0.1299999999999787,0,32.87,1.5499999999999972
2024-04-27,58.0,60.0,59.0,Dhaka,32.72,0.39,61.03,0.5099999999999787,0,32.71,2.1000000000000014
2024-04-28,60.0,70.0,65.0,Dhaka,33.19,0.27,59.88,0.7699999999999787,0,32.72,-1.1499999999999986
2024-04-29,60.0,70.0,65.0,Dhaka,33.33,0.47,59.37,1.1299999999999786,0,33.19,-0.5100000000000051
2024-04-30,60.0,70.0,65.0,Dhaka,33.49,0.02,60.73,0.7599999999999787,0,33.33,1.3599999999999994
2024-05-02,65.0,75.0,70.0,Dhaka,31.87,6.57,68.18,7.059999999999979,1,33.49,7.45000000000001
2024-05-03,65.0,70.0,67.5,Dhaka,31.83,4.05,64.11,10.63999999999998,0,31.87,-4.070000000000007
2024-05-04,65.0,75.0,70.0,Dhaka,31.11,6.25,66.2,16.86999999999998,1,31.83,2.0900000000000034
2024-05-05,65.0,75.0,70.0,Dhaka,30.22,13.99,75.78,24.289999999999978,1,31.11,9.579999999999998
2024-05-06,65.0,75.0,70.0,Dhaka,28.76,36.08,84.27,56.31999999999998,1,30.22,8.489999999999995
2024-05-07,65.0,70.0,67.5,Dhaka,27.91,21.0,77.59,71.06999999999998,1,28.76,-6.679999999999993
2024-05-08,65.0,75.0,70.0,Dhaka,26.57,40.83,76.18,97.90999999999997,1,27.91,-1.4099999999999966
2024-05-09,65.0,75.0,70.0,Dhaka,27.99,0.99,69.47,62.81999999999998,0,26.57,-6.710000000000008
2024-05-10,65.0,80.0,72.5,Dhaka,28.46,4.94,70.54,46.75999999999998,0,27.99,1.0700000000000074
2024-05-11,65.0,80.0,72.5,Dhaka,27.64,27.5,82.61,33.42999999999998,1,28.46,12.069999999999993
2024-05-12,70.0,80.0,75.0,Dhaka,28.15,4.91,77.96,37.34999999999998,0,27.64,-4.650000000000006
2024-05-13,65.0,75.0,70.0,Dhaka,28.77,1.69,76.35,34.09999999999998,0,28.15,-1.6099999999999994
2024-05-14,65.0,75.0,70.0,Dhaka,29.62,1.22,75.82,7.819999999999979,0,28.77,-0.5300000000000011
2024-05-16,65.0,75.0,70.0,Dhaka,30.0,0.0,73.31,2.909999999999979,0,29.62,-2.509999999999991
2024-05-16,65.0,75.0,70.0,Dhaka,30.0,0.0,73.31,1.2199999999999787,0,30.0,0.0
2024-05-17,65.0,75.0,70.0,Dhaka,30.3,0.04,73.86,0.039999999999978685,0,30.0,0.5499999999999972
2024-05-18,65.0,75.0,70.0,Dhaka,29.63,7.23,81.6,7.269999999999979,1,30.3,7.739999999999995
2024-05-19,70.0,75.0,72.5,Dhaka,29.73,6.96,80.7,14.229999999999979,1,29.63,-0.8999999999999915
2024-05-20,65.0,75.0,70.0,Dhaka,29.8,8.71,76.62,22.89999999999998,1,29.73,-4.079999999999998
2024-05-21,65.0,75.0,70.0,Dhaka,30.46,7.4,71.18,23.06999999999998,1,29.8,-5.439999999999998
2024-05-23,70.0,75.0,72.5,Dhaka,31.69,1.14,68.73,17.24999999999998,0,30.46,-2.450000000000003
2024-05-24,70.0,75.0,72.5,Dhaka,32.38,3.29,69.12,11.829999999999979,0,31.69,0.39000000000000057
2024-05-25,70.0,75.0,72.5,Dhaka,31.52,2.6,75.67,7.029999999999978,0,32.38,6.549999999999997
2024-05-27,70.0,75.0,72.5,Dhaka,28.68,67.57,90.36,73.45999999999997,1,31.52,14.689999999999998
2024-05-27,70.0,75.0,72.5,Dhaka,28.68,67.57,90.36,137.73999999999995,1,28.68,0.0
2024-05-28,70.0,75.0,72.5,Dhaka,28.29,103.52,90.01,238.65999999999997,1,28.68,-0.3499999999999943
2024-05-29,70.0,75.0,72.5,Dhaka,29.93,13.73,89.83,184.81999999999996,1,28.29,-0.18000000000000682
2024-05-30,75.0,80.0,77.5,Dhaka,29.71,4.67,89.97,121.91999999999997,0,29.93,0.14000000000000057
2024-05-31,75.0,80.0,77.5,Dhaka,29.74,2.42,87.25,20.819999999999972,0,29.71,-2.719999999999999
2024-06-01,75.0,85.0,80.0,Dhaka,29.76,0.74,84.34,7.829999999999972,0,29.74,-2.9099999999999966
2024-06-02,75.0,85.0,80.0,Dhaka,29.49,3.53,87.15,6.689999999999971,0,29.76,2.8100000000000023
2024-06-03,75.0,85.0,80.0,Dhaka,28.82,27.79,88.23,32.059999999999974,1,29.49,1.0799999999999983
2024-06-04,75.0,85.0,80.0,Dhaka,28.7,18.63,89.59,49.949999999999974,1,28.82,1.3599999999999994
2024-06-05,80.0,85.0,82.5,Dhaka,29.57,9.64,85.36,56.059999999999974,1,28.7,-4.230000000000004
2024-06-06,80.0,85.0,82.5,Dhaka,29.59,14.82,87.63,43.089999999999975,1,29.57,2.269999999999996
2024-06-07,80.0,85.0,82.5,Dhaka,29.75,9.6,87.31,34.059999999999974,1,29.59,-0.3199999999999932
2024-06-08,80.0,90.0,85.0,Dhaka,29.51,13.19,88.68,37.60999999999997,1,29.75,1.3700000000000045
2024-06-10,75.0,85.0,80.0,Dhaka,29.09,3.42,92.83,26.209999999999972,0,29.51,4.1499999999999915
2024-06-10,75.0,80.0,77.5,Dhaka,29.09,3.42,92.83,20.02999999999997,0,29.09,0.0
2024-06-11,75.0,80.0,77.5,Dhaka,29.4,1.76,87.19,8.599999999999971,0,29.09,-5.640000000000001
2024-06-12,80.0,90.0,85.0,Dhaka,29.11,1.41,85.63,6.589999999999971,0,29.4,-1.5600000000000023
2024-06-13,80.0,90.0,85.0,Dhaka,29.0,16.16,90.07,19.32999999999997,1,29.11,4.439999999999998
2024-06-14,85.0,90.0,87.5,Dhaka,29.24,21.05,91.95,38.619999999999976,1,29.0,1.8800000000000097
2024-06-15,80.0,90.0,85.0,Dhaka,29.61,14.56,89.96,51.769999999999975,1,29.24,-1.990000000000009
2024-06-19,85.0,90.0,87.5,Dhaka,28.99,26.19,92.5,61.799999999999976,1,29.61,2.5400000000000063
2024-06-20,85.0,90.0,87.5,Dhaka,28.68,7.18,88.76,47.92999999999997,1,28.99,-3.739999999999995
2024-06-23,85.0,90.0,87.5,Dhaka,29.4,4.25,85.4,37.619999999999976,0,28.68,-3.3599999999999994
2024-06-24,85.0,90.0,87.5,Dhaka,29.17,1.52,88.0,12.94999999999997,0,29.4,2.5999999999999943
2024-06-25,85.0,90.0,87.5,Dhaka,29.3,1.43,86.86,7.199999999999972,0,29.17,-1.1400000000000006
2024-06-26,90.0,95.0,92.5,Dhaka,30.05,5.17,83.62,8.119999999999973,1,29.3,-3.239999999999995
2024-06-27,90.0,100.0,95.0,Dhaka,28.63,8.21,89.59,14.809999999999974,1,30.05,5.969999999999999
2024-06-28,90.0,100.0,95.0,Dhaka,28.95,14.63,89.26,28.009999999999977,1,28.63,-0.3299999999999983
2024-06-29,90.0,100.0,95.0,Dhaka,28.99,22.82,90.09,45.659999999999975,1,28.95,0.8299999999999983
2024-06-30,90.0,100.0,95.0,Dhaka,28.58,38.7,94.2,76.14999999999998,1,28.99,4.109999999999999
2024-07-01,90.0,100.0,95.0,Dhaka,28.21,52.7,93.99,114.21999999999997,1,28.58,-0.21000000000000796
2024-07-02,95.0,100.0,97.5,Dhaka,28.45,29.31,91.34,120.70999999999998,1,28.21,-2.6499999999999915
2024-07-03,95.0,100.0,97.5,Dhaka,28.24,22.41,90.76,104.41999999999996,1,28.45,-0.5799999999999983
2024-07-04,95.0,100.0,97.5,Dhaka,28.19,25.69,91.04,77.40999999999997,1,28.24,0.28000000000000114
2024-07-05,95.0,110.0,102.5,Dhaka,28.49,16.67,91.23,64.76999999999997,1,28.19,0.18999999999999773
2024-07-06,100.0,110.0,105.0,Dhaka,28.38,6.94,90.32,49.299999999999976,1,28.49,-0.9100000000000108
2024-07-07,110.0,120.0,115.0,Dhaka,29.04,4.1,89.01,27.709999999999972,0,28.38,-1.309999999999988
2024-07-08,110.0,120.0,115.0,Dhaka,28.62,3.37,88.52,14.409999999999972,0,29.04,-0.4900000000000091
2024-07-09,105.0,115.0,110.0,Dhaka,29.07,3.15,89.12,10.61999999999997,0,28.62,0.6000000000000085
2024-07-10,105.0,115.0,110.0,Dhaka,29.24,7.92,89.39,14.439999999999971,1,29.07,0.269999999999996
2024-07-11,105.0,120.0,112.5,Dhaka,29.16,21.69,89.42,32.75999999999998,1,29.24,0.030000000000001137
2024-07-12,105.0,120.0,112.5,Dhaka,28.87,44.08,89.31,73.68999999999997,1,29.16,-0.10999999999999943
2024-07-14,105.0,120.0,112.5,Dhaka,29.27,2.5,87.55,68.26999999999997,0,28.87,-1.7600000000000051
2024-07-14,110.0,120.0,115.0,Dhaka,29.27,2.5,87.55,49.07999999999997,0,29.27,0.0
2024-07-15,110.0,120.0,115.0,Dhaka,29.11,1.85,88.99,6.849999999999971,0,29.27,1.4399999999999977
2024-07-16,110.0,120.0,115.0,Dhaka,29.03,3.94,90.12,8.28999999999997,0,29.11,1.1300000000000097
2024-07-28,110.0,120.0,115.0,Dhaka,29.38,2.07,87.34,7.859999999999971,0,29.03,-2.780000000000001
2024-07-28,110.0,120.0,115.0,Dhaka,29.38,2.07,87.34,8.079999999999972,0,29.38,0.0
2024-07-28,105.0,120.0,112.5,Dhaka,29.38,2.07,87.34,6.209999999999999,0,29.38,0.0
2024-07-28,110.0,120.0,115.0,Dhaka,29.38,2.07,87.34,6.209999999999999,0,29.38,0.0
2024-07-28,105.0,120.0,112.5,Dhaka,29.38,2.07,87.34,6.209999999999999,0,29.38,0.0
2024-07-28,110.0,120.0,115.0,Dhaka,29.38,2.07,87.34,6.209999999999999,0,29.38,0.0
2024-08-10,110.0,120.0,115.0,Dhaka,28.74,16.09,89.86,20.229999999999972,1,29.38,2.519999999999996
2024-08-11,110.0,120.0,115.0,Dhaka,28.7,12.09,90.56,30.24999999999997,1,28.74,0.7000000000000028
2024-08-11,110.0,120.0,115.0,Dhaka,28.7,12.09,90.56,40.26999999999997,1,28.7,0.0
2024-08-11,110.0,120.0,115.0,Dhaka,28.7,12.09,90.56,36.269999999999996,1,28.7,0.0
2024-08-11,105.0,110.0,107.5,Dhaka,28.7,12.09,90.56,36.269999999999996,1,28.7,0.0
2024-08-11,110.0,120.0,115.0,Dhaka,28.7,12.09,90.56,36.269999999999996,1,28.7,0.0
2024-08-11,105.0,120.0,112.5,Dhaka,28.7,12.09,90.56,36.269999999999996,1,28.7,0.0
2024-08-11,105.0,120.0,112.5,Dhaka,28.7,12.09,90.56,36.269999999999996,1,28.7,0.0
2024-08-11,110.0,120.0,115.0,Dhaka,28.7,12.09,90.56,36.269999999999996,1,28.7,0.0
2024-08-11,110.0,120.0,115.0,Dhaka,28.7,12.09,90.56,36.269999999999996,1,28.7,0.0
2024-08-11,110.0,120.0,115.0,Dhaka,28.7,12.09,90.56,36.269999999999996,1,28.7,0.0
2024-08-11,110.0,125.0,117.5,Dhaka,28.7,12.09,90.56,36.269999999999996,1,28.7,0.0
2024-08-12,110.0,120.0,115.0,Dhaka,28.61,22.32,90.98,46.49999999999997,1,28.7,0.4200000000000017
2024-08-16,110.0,120.0,115.0,Dhaka,27.97,16.09,91.07,50.49999999999997,1,28.61,0.0899999999999892
2024-08-17,110.0,120.0,115.0,Dhaka,27.71,19.26,90.14,57.66999999999997,1,27.97,-0.9299999999999926
2024-08-20,110.0,115.0,112.5,Dhaka,28.31,34.13,92.26,69.47999999999998,1,27.71,2.1200000000000045
2024-08-20,110.0,115.0,112.5,Dhaka,28.31,34.13,92.26,87.51999999999998,1,28.31,0.0
2024-08-20,110.0,120.0,115.0,Dhaka,28.31,34.13,92.26,102.39000000000001,1,28.31,0.0
2024-08-20,110.0,120.0,115.0,Dhaka,28.31,34.13,92.26,102.39000000000001,1,28.31,0.0
2024-08-20,110.0,120.0,115.0,Dhaka,28.31,34.13,92.26,102.39000000000001,1,28.31,0.0
2024-08-20,110.0,120.0,115.0,Dhaka,28.31,34.13,92.26,102.39000000000001,1,28.31,0.0
2024-08-21,105.0,115.0,110.0,Dhaka,27.97,72.09,94.84,140.35,1,28.31,2.5799999999999983
2024-08-22,105.0,115.0,110.0,Dhaka,27.89,69.97,94.99,176.19,1,27.97,0.14999999999999147
2024-08-23,105.0,115.0,110.0,Dhaka,27.24,9.62,94.34,151.67999999999998,1,27.89,-0.6499999999999915
2024-08-24,110.0,120.0,115.0,Dhaka,27.39,7.42,91.89,87.00999999999999,1,27.24,-2.450000000000003
2024-08-25,110.0,120.0,115.0,Dhaka,26.92,44.37,92.54,61.40999999999998,1,27.39,0.6500000000000057
2024-08-27,110.0,120.0,115.0,Dhaka,27.78,2.03,90.56,53.819999999999986,0,26.92,-1.980000000000004
2024-08-28,110.0,120.0,115.0,Dhaka,28.38,6.59,85.73,52.98999999999998,1,27.78,-4.829999999999998
2024-08-29,110.0,120.0,115.0,Dhaka,28.65,2.61,87.48,11.229999999999984,0,28.38,1.75
2024-08-30,110.0,120.0,115.0,Dhaka,28.28,3.75,88.62,12.949999999999985,0,28.65,1.1400000000000006
2024-08-31,110.0,120.0,115.0,Dhaka,27.94,12.45,92.72,18.809999999999985,1,28.28,4.099999999999994
2024-09-01,110.0,120.0,115.0,Dhaka,28.42,15.9,89.19,32.09999999999999,1,27.94,-3.530000000000001
2024-09-02,110.0,120.0,115.0,Dhaka,28.64,12.55,85.94,40.899999999999984,1,28.42,-3.25
2024-09-03,110.0,120.0,115.0,Dhaka,27.53,38.48,91.87,66.92999999999998,1,28.64,5.930000000000007
2024-09-04,105.0,120.0,112.5,Dhaka,28.36,2.97,88.85,53.999999999999986,0,27.53,-3.0200000000000102
2024-09-05,110.0,120.0,115.0,Dhaka,27.81,10.63,91.33,52.079999999999984,1,28.36,2.480000000000004
2024-09-06,110.0,120.0,115.0,Dhaka,28.97,17.32,82.04,30.919999999999987,1,27.81,-9.289999999999992
2024-09-07,110.0,120.0,115.0,Dhaka,28.77,14.34,86.14,42.28999999999999,1,28.97,4.099999999999994
2024-09-08,110.0,120.0,115.0,Dhaka,29.12,4.2,87.53,35.859999999999985,0,28.77,1.3900000000000006
2024-09-09,110.0,120.0,115.0,Dhaka,28.57,4.09,91.34,22.629999999999985,0,29.12,3.8100000000000023
2024-09-10,110.0,120.0,115.0,Dhaka,28.58,4.83,92.33,13.119999999999987,0,28.57,0.9899999999999949
2024-09-11,110.0,120.0,115.0,Dhaka,28.79,13.48,90.02,22.399999999999988,1,28.58,-2.3100000000000023
2024-09-12,110.0,120.0,115.0,Dhaka,29.64,18.2,87.31,36.50999999999999,1,28.79,-2.7099999999999937
2024-09-13,110.0,120.0,115.0,Dhaka,28.84,38.92,91.54,70.6,1,29.64,4.230000000000004
2024-09-14,110.0,120.0,115.0,Dhaka,27.45,35.53,95.26,92.64999999999999,1,28.84,3.719999999999999
2024-09-15,110.0,120.0,115.0,Dhaka,26.18,75.46,94.31,149.90999999999997,1,27.45,-0.9500000000000028
2024-09-17,110.0,115.0,112.5,Dhaka,28.88,6.59,85.46,117.58,1,26.18,-8.850000000000009
2024-09-18,110.0,115.0,112.5,Dhaka,29.01,1.3,86.99,83.34999999999998,0,28.88,1.5300000000000011
2024-09-19,105.0,115.0,110.0,Dhaka,29.17,5.52,89.59,13.41,1,29.01,2.6000000000000085
2024-09-20,105.0,115.0,110.0,Dhaka,30.18,6.87,86.33,13.69,1,29.17,-3.260000000000005
2024-09-21,105.0,115.0,110.0,Dhaka,29.08,18.52,90.12,30.909999999999997,1,30.18,3.7900000000000063
2024-09-23,105.0,115.0,110.0,Dhaka,29.28,1.52,89.97,26.91,0,29.08,-0.15000000000000568
2024-09-23,110.0,115.0,112.5,Dhaka,29.28,1.52,89.97,21.56,0,29.28,0.0
2024-09-24,105.0,115.0,110.0,Dhaka,28.16,8.72,91.14,11.760000000000005,1,29.28,1.1700000000000017
2024-09-25,105.0,115.0,110.0,Dhaka,26.95,48.66,94.56,58.900000000000006,1,28.16,3.4200000000000017
2024-09-26,105.0,115.0,110.0,Dhaka,26.89,29.73,93.79,87.11,1,26.95,-0.769999999999996
2024-09-27,105.0,115.0,110.0,Dhaka,27.32,11.23,89.32,89.62,1,26.89,-4.470000000000013
2024-09-28,105.0,115.0,110.0,Dhaka,28.13,1.84,88.86,42.80000000000001,0,27.32,-0.45999999999999375
2024-09-29,105.0,110.0,107.5,Dhaka,28.73,6.89,89.32,19.960000000000008,1,28.13,0.45999999999999375
2024-09-30,105.0,110.0,107.5,Dhaka,28.91,5.58,89.87,14.310000000000006,1,28.73,0.5500000000000114
2024-10-01,105.0,110.0,107.5,Dhaka,29.36,9.52,88.03,21.990000000000006,1,28.91,-1.8400000000000034
2024-10-02,105.0,110.0,107.5,Dhaka,29.04,23.06,86.3,38.160000000000004,1,29.36,-1.730000000000004
2024-10-03,105.0,110.0,107.5,Dhaka,27.77,45.96,92.16,78.54,1,29.04,5.859999999999999
2024-10-04,105.0,110.0,107.5,Dhaka,27.59,51.23,91.96,120.25,1,27.77,-0.20000000000000284
2024-10-05,105.0,115.0,110.0,Dhaka,27.6,66.41,92.61,163.6,1,27.59,0.6500000000000057
2024-10-06,105.0,115.0,110.0,Dhaka,27.72,17.9,87.68,135.54,1,27.6,-4.929999999999993
2024-10-07,105.0,115.0,110.0,Dhaka,27.99,8.63,84.86,92.94,1,27.72,-2.8200000000000074
2024-10-08,105.0,115.0,110.0,Dhaka,27.84,3.33,85.71,29.86,0,27.99,0.8499999999999943
2024-10-09,110.0,120.0,115.0,Dhaka,27.87,5.5,85.55,17.46,1,27.84,-0.1599999999999966
2024-10-11,110.0,120.0,115.0,Dhaka,27.73,7.63,88.99,16.46,1,27.87,3.4399999999999977
2024-10-12,110.0,120.0,115.0,Dhaka,28.18,20.71,85.89,33.84,1,27.73,-3.0999999999999943
2024-10-14,110.0,120.0,115.0,Dhaka,26.8,0.1,84.95,28.440000000000005,0,28.18,-0.9399999999999977
2024-10-16,110.0,120.0,115.0,Dhaka,27.57,0.24,80.14,21.050000000000004,0,26.8,-4.810000000000002
2024-10-16,110.0,120.0,115.0,Dhaka,27.57,0.24,80.14,0.5800000000000035,0,27.57,0.0
2024-10-17,110.0,120.0,115.0,Dhaka,27.56,4.05,83.48,4.530000000000003,0,27.57,3.3400000000000034
2024-10-20,110.0,120.0,115.0,Dhaka,26.6,0.7,85.16,4.990000000000004,0,27.56,1.6799999999999926
2024-10-20,110.0,120.0,115.0,Dhaka,26.6,0.7,85.16,5.450000000000003,0,26.6,0.0
2024-10-20,110.0,130.0,120.0,Dhaka,26.6,0.7,85.16,2.0999999999999996,0,26.6,0.0
2024-10-21,110.0,130.0,120.0,Dhaka,26.22,0.01,82.51,1.4100000000000035,0,26.6,-2.6499999999999915
2024-10-22,115.0,130.0,122.5,Dhaka,27.15,15.24,85.92,15.950000000000003,1,26.22,3.4099999999999966
2024-10-23,115.0,130.0,122.5,Dhaka,26.84,102.39,90.88,117.64,1,27.15,4.959999999999994
2024-10-24,115.0,130.0,122.5,Dhaka,25.89,20.03,91.43,137.66,1,26.84,0.5500000000000114
2024-10-25,115.0,135.0,125.0,Dhaka,26.61,6.25,91.51,128.67000000000002,1,25.89,0.0799999999999983
2024-10-26,115.0,135.0,125.0,Dhaka,27.09,5.1,88.45,31.380000000000003,1,26.61,-3.0600000000000023
2024-10-27,130.0,150.0,140.0,Dhaka,27.58,0.54,78.73,11.89,0,27.09,-9.719999999999999
2024-10-28,130.0,150.0,140.0,Dhaka,26.73,0.0,84.9,5.64,0,27.58,6.170000000000002
2024-10-29,130.0,150.0,140.0,Dhaka,27.41,0.0,79.99,0.54,0,26.73,-4.910000000000011
2024-10-30,130.0,150.0,140.0,Dhaka,27.58,0.33,80.63,0.33,0,27.41,0.6400000000000006
2024-10-31,130.0,150.0,140.0,Dhaka,27.75,1.01,84.31,1.34,0,27.58,3.680000000000007
2024-11-02,130.0,150.0,140.0,Dhaka,25.48,0.05,84.48,1.3900000000000001,0,27.75,0.1700000000000017
2024-11-02,130.0,150.0,140.0,Dhaka,25.48,0.05,84.48,1.11,0,25.48,0.0
2024-11-05,130.0,150.0,140.0,Dhaka,26.02,5.34,83.14,5.4399999999999995,1,25.48,-1.3400000000000034
2024-11-06,130.0,150.0,140.0,Dhaka,25.21,5.86,85.16,11.25,1,26.02,2.019999999999996
2024-11-07,130.0,150.0,140.0,Dhaka,24.27,6.15,86.93,17.35,1,25.21,1.7700000000000102
2024-11-07,130.0,150.0,140.0,Dhaka,24.27,6.15,86.93,18.16,1,24.27,0.0
2024-11-10,130.0,150.0,140.0,Dhaka,24.09,0.0,81.43,12.3,0,24.27,-5.5
2024-11-10,130.0,150.0,140.0,Dhaka,24.09,0.0,81.43,6.15,0,24.09,0.0
2024-11-10,130.0,150.0,140.0,Dhaka,24.09,0.0,81.43,0.0,0,24.09,0.0
2024-11-11,130.0,150.0,140.0,Dhaka,24.11,0.0,84.12,0.0,0,24.09,2.6899999999999977
2024-11-12,130.0,150.0,140.0,Dhaka,24.14,0.0,82.87,0.0,0,24.11,-1.25
2024-11-13,130.0,150.0,140.0,Dhaka,22.32,0.0,80.87,0.0,0,24.14,-2.0
2024-11-14,130.0,150.0,140.0,Dhaka,22.23,0.0,86.41,0.0,0,22.32,5.539999999999992
2024-11-17,130.0,150.0,140.0,Dhaka,21.44,0.0,76.3,0.0,0,22.23,-10.11
2024-11-17,130.0,150.0,140.0,Dhaka,21.44,0.0,76.3,0.0,0,21.44,0.0
2024-11-17,130.0,150.0,140.0,Dhaka,21.44,0.0,76.3,0.0,0,21.44,0.0
2024-11-18,130.0,150.0,140.0,Dhaka,21.25,0.0,73.43,0.0,0,21.44,-2.8699999999999903
2024-11-19,130.0,140.0,135.0,Dhaka,21.64,0.0,74.42,0.0,0,21.25,0.9899999999999949
2024-11-20,130.0,140.0,135.0,Dhaka,21.17,0.0,71.9,0.0,0,21.64,-2.519999999999996
2024-11-21,120.0,130.0,125.0,Dhaka,21.14,0.0,71.5,0.0,0,21.17,-0.4000000000000057
2024-11-22,115.0,130.0,122.5,Dhaka,21.6,0.0,66.9,0.0,0,21.14,-4.599999999999994
2024-11-23,120.0,130.0,125.0,Dhaka,22.19,0.0,70.87,0.0,0,21.6,3.969999999999999
2024-11-24,115.0,130.0,122.5,Dhaka,20.45,0.0,81.63,0.0,0,22.19,10.759999999999991
2024-11-25,115.0,130.0,122.5,Dhaka,20.02,0.0,82.69,0.0,0,20.45,1.0600000000000023
2024-11-26,115.0,130.0,122.5,Dhaka,20.37,0.0,79.22,0.0,0,20.02,-3.469999999999999
2024-11-27,115.0,130.0,122.5,Dhaka,20.54,0.0,77.42,0.0,0,20.37,-1.7999999999999972
2024-11-28,115.0,130.0,122.5,Dhaka,20.92,0.0,81.26,0.0,0,20.54,3.8400000000000034
2024-11-29,115.0,130.0,122.5,Dhaka,22.35,0.0,81.93,0.0,0,20.92,0.6700000000000017
2024-11-30,115.0,130.0,122.5,Dhaka,22.2,0.14,82.65,0.14,0,22.35,0.7199999999999989
2024-12-01,115.0,130.0,122.5,Dhaka,20.52,2.85,81.72,2.99,0,22.2,-0.9300000000000068
2024-12-02,115.0,130.0,122.5,Dhaka,20.22,0.0,82.1,2.99,0,20.52,0.37999999999999545
2024-12-03,115.0,130.0,122.5,Dhaka,20.12,0.0,81.88,2.85,0,20.22,-0.21999999999999886
2024-12-04,115.0,130.0,122.5,Dhaka,19.08,0.0,83.19,0.0,0,20.12,1.3100000000000023
2024-12-05,115.0,130.0,122.5,Dhaka,19.61,0.0,76.15,0.0,0,19.08,-7.039999999999992
2024-12-06,115.0,130.0,122.5,Dhaka,18.23,0.0,79.2,0.0,0,19.61,3.049999999999997
2024-12-07,115.0,130.0,122.5,Dhaka,17.83,0.0,72.72,0.0,0,18.23,-6.480000000000004
2024-12-08,110.0,130.0,120.0,Dhaka,17.94,0.0,71.52,0.0,0,17.83,-1.2000000000000028
2024-12-09,110.0,130.0,120.0,Dhaka,17.25,0.0,81.05,0.0,0,17.94,9.530000000000001
2024-12-10,110.0,130.0,120.0,Dhaka,18.14,0.0,84.39,0.0,0,17.25,3.3400000000000034
2024-12-11,100.0,130.0,115.0,Dhaka,16.46,0.0,84.58,0.0,0,18.14,0.18999999999999773
2024-12-12,95.0,130.0,112.5,Dhaka,15.9,0.0,86.09,0.0,0,16.46,1.5100000000000051
2024-12-15,95.0,130.0,112.5,Dhaka,16.07,0.0,79.1,0.0,0,15.9,-6.990000000000009
2024-12-15,90.0,125.0,107.5,Dhaka,16.07,0.0,79.1,0.0,0,16.07,0.0
2024-12-15,80.0,125.0,102.5,Dhaka,16.07,0.0,79.1,0.0,0,16.07,0.0
2024-12-17,80.0,125.0,102.5,Dhaka,18.83,0.0,74.67,0.0,0,16.07,-4.429999999999993
2024-12-18,80.0,125.0,102.5,Dhaka,18.33,0.01,76.47,0.01,0,18.83,1.7999999999999972
2024-12-19,80.0,120.0,100.0,Dhaka,18.07,0.0,75.63,0.01,0,18.33,-0.8400000000000034
2024-12-20,80.0,120.0,100.0,Dhaka,17.76,0.0,76.66,0.01,0,18.07,1.0300000000000011
2024-12-22,80.0,120.0,100.0,Dhaka,16.92,0.2,84.47,0.2,0,17.76,7.810000000000002
2024-12-23,70.0,110.0,90.0,Dhaka,17.49,0.07,74.57,0.27,0,16.92,-9.900000000000006
2024-12-24,50.0,110.0,80.0,Dhaka,17.78,0.0,74.52,0.27,0,17.49,-0.04999999999999716
2024-12-26,50.0,110.0,80.0,Dhaka,18.26,0.0,78.8,0.07,0,17.78,4.280000000000001
2024-12-27,50.0,110.0,80.0,Dhaka,18.25,0.0,78.64,0.0,0,18.26,-0.1599999999999966
2024-12-28,50.0,75.0,62.5,Dhaka,19.31,0.0,70.85,0.0,0,18.25,-7.790000000000006
2024-12-30,60.0,85.0,72.5,Dhaka,19.09,0.0,78.24,0.0,0,19.31,7.390000000000001
2024-12-30,60.0,85.0,72.5,Dhaka,19.09,0.0,78.24,0.0,0,19.09,0.0
2024-12-31,60.0,85.0,72.5,Dhaka,17.44,0.0,82.44,0.0,0,19.09,4.200000000000003
2025-01-01,60.0,85.0,72.5,Dhaka,16.44,0.0,85.78,0.0,0,17.44,3.3400000000000034
2025-01-02,60.0,85.0,72.5,Dhaka,16.76,0.0,84.37,0.0,0,16.44,-1.4099999999999966
2025-01-03,50.0,85.0,67.5,Dhaka,16.86,0.0,82.71,0.0,0,16.76,-1.6600000000000108
2025-01-04,50.0,85.0,67.5,Dhaka,18.01,0.0,83.13,0.0,0,16.86,0.4200000000000017
2025-01-05,130.0,150.0,140.0,Dhaka,19.77,0.0,81.6,0.0,0,18.01,-1.5300000000000011
2025-01-05,50.0,85.0,67.5,Dhaka,19.77,0.0,81.6,0.0,0,19.77,0.0
2025-01-06,50.0,85.0,67.5,Dhaka,20.7,0.0,78.22,0.0,0,19.77,-3.3799999999999955
2025-01-07,50.0,70.0,60.0,Dhaka,19.64,0.0,81.03,0.0,0,20.7,2.8100000000000023
2025-01-08,50.0,70.0,60.0,Dhaka,18.0,0.0,80.35,0.0,0,19.64,-0.6800000000000068
2025-01-09,50.0,70.0,60.0,Dhaka,15.65,0.0,75.64,0.0,0,18.0,-4.709999999999994
2025-01-10,50.0,70.0,60.0,Dhaka,15.81,0.0,75.51,0.0,0,15.65,-0.12999999999999545
2025-01-12,50.0,70.0,60.0,Dhaka,19.58,0.0,60.37,0.0,0,15.81,-15.140000000000008
2025-01-12,50.0,70.0,60.0,Dhaka,19.58,0.0,60.37,0.0,0,19.58,0.0
2025-01-13,50.0,70.0,60.0,Dhaka,19.35,0.0,64.22,0.0,0,19.58,3.8500000000000014
2025-01-14,50.0,70.0,60.0,Dhaka,17.89,0.0,74.86,0.0,0,19.35,10.64
2025-01-15,50.0,70.0,60.0,Dhaka,17.42,0.0,75.49,0.0,0,17.89,0.6299999999999955
2025-01-16,50.0,70.0,60.0,Dhaka,19.15,0.0,68.13,0.0,0,17.42,-7.359999999999999
2025-01-18,50.0,70.0,60.0,Dhaka,18.09,0.0,77.22,0.0,0,19.15,9.090000000000003
2025-01-19,50.0,70.0,60.0,Dhaka,17.24,0.0,74.82,0.0,0,18.09,-2.4000000000000057
2025-01-19,50.0,65.0,57.5,Dhaka,17.24,0.0,74.82,0.0,0,17.24,0.0
2025-01-20,50.0,70.0,60.0,Dhaka,17.3,0.0,71.08,0.0,0,17.24,-3.739999999999995
2025-01-21,50.0,70.0,60.0,Dhaka,17.97,0.0,69.57,0.0,0,17.3,-1.5100000000000051
2025-01-22,45.0,60.0,52.5,Dhaka,18.33,0.0,73.91,0.0,0,17.97,4.340000000000003
2025-01-23,45.0,60.0,52.5,Dhaka,18.37,0.0,72.42,0.0,0,18.33,-1.4899999999999949
2025-01-24,45.0,60.0,52.5,Dhaka,18.34,0.0,69.58,0.0,0,18.37,-2.8400000000000034
2025-01-25,45.0,50.0,47.5,Dhaka,18.31,0.0,70.88,0.0,0,18.34,1.2999999999999972
2025-01-26,40.0,60.0,50.0,Dhaka,17.14,0.0,68.58,0.0,0,18.31,-2.299999999999997
2025-01-27,40.0,60.0,50.0,Dhaka,17.88,0.0,72.21,0.0,0,17.14,3.6299999999999955
2025-01-28,40.0,50.0,45.0,Dhaka,18.75,0.0,68.16,0.0,0,17.88,-4.049999999999997
2025-01-29,40.0,45.0,42.5,Dhaka,18.88,0.0,57.59,0.0,0,18.75,-10.569999999999993
2025-01-30,40.0,45.0,42.5,Dhaka,19.84,1.01,69.91,1.01,0,18.88,12.319999999999993
2025-01-31,40.0,45.0,42.5,Dhaka,21.91,0.55,84.26,1.56,0,19.84,14.350000000000009
2025-02-01,40.0,45.0,42.5,Dhaka,22.06,0.21,73.95,1.77,0,21.91,-10.310000000000002
2025-02-02,40.0,45.0,42.5,Dhaka,20.65,0.0,71.49,0.76,0,22.06,-2.460000000000008
2025-02-03,40.0,45.0,42.5,Dhaka,20.42,0.0,67.58,0.21,0,20.65,-3.9099999999999966
2025-02-04,40.0,45.0,42.5,Dhaka,19.77,0.0,62.38,0.0,0,20.42,-5.199999999999996
2025-02-05,40.0,45.0,42.5,Dhaka,20.64,0.0,61.23,0.0,0,19.77,-1.1500000000000057
2025-02-06,40.0,45.0,42.5,Dhaka,21.65,0.0,70.29,0.0,0,20.64,9.06000000000001
2025-02-07,40.0,45.0,42.5,Dhaka,20.32,0.0,53.72,0.0,0,21.65,-16.570000000000007
2025-02-08,40.0,45.0,42.5,Dhaka,18.6,0.0,48.17,0.0,0,20.32,-5.549999999999997
2025-02-09,40.0,45.0,42.5,Dhaka,18.6,0.0,50.77,0.0,0,18.6,2.6000000000000014
2025-02-10,40.0,45.0,42.5,Dhaka,20.33,0.01,49.04,0.01,0,18.6,-1.730000000000004
2025-02-11,40.0,45.0,42.5,Dhaka,20.78,0.0,71.55,0.01,0,20.33,22.509999999999998
2025-02-12,40.0,45.0,42.5,Dhaka,22.51,0.0,72.97,0.01,0,20.78,1.4200000000000017
2025-02-13,40.0,45.0,42.5,Dhaka,23.41,0.02,75.94,0.02,0,22.51,2.969999999999999
2025-02-14,40.0,45.0,42.5,Dhaka,21.32,0.02,49.26,0.04,0,23.41,-26.68
2025-02-16,40.0,45.0,42.5,Dhaka,22.3,0.0,45.86,0.04,0,21.32,-3.3999999999999986
2025-02-18,40.0,45.0,42.5,Dhaka,24.53,0.0,59.74,0.02,0,22.3,13.880000000000003
2025-02-18,40.0,45.0,42.5,Dhaka,24.53,0.0,59.74,0.0,0,24.53,0.0
2025-02-19,40.0,45.0,42.5,Dhaka,24.17,0.01,64.03,0.01,0,24.53,4.289999999999999
2025-02-20,40.0,50.0,45.0,Dhaka,24.68,0.18,64.73,0.19,0,24.17,0.7000000000000028
2025-02-22,40.0,45.0,42.5,Dhaka,25.43,0.04,53.18,0.23,0,24.68,-11.550000000000004
2025-02-23,40.0,45.0,42.5,Dhaka,24.29,2.41,60.66,2.6300000000000003,0,25.43,7.479999999999997
2025-02-24,40.0,45.0,42.5,Dhaka,23.67,0.0,60.13,2.45,0,24.29,-0.529999999999994
2025-02-25,40.0,45.0,42.5,Dhaka,23.28,0.0,51.51,2.41,0,23.67,-8.620000000000005
2025-02-26,40.0,45.0,42.5,Dhaka,22.85,0.0,49.18,0.0,0,23.28,-2.3299999999999983
2025-02-27,40.0,45.0,42.5,Dhaka,23.05,0.0,53.2,0.0,0,22.85,4.020000000000003
2025-02-28,40.0,45.0,42.5,Dhaka,24.56,0.0,49.28,0.0,0,23.05,-3.9200000000000017
2025-03-01,40.0,45.0,42.5,Dhaka,25.49,0.01,54.58,0.01,0,24.56,5.299999999999997
2025-03-02,40.0,45.0,42.5,Dhaka,26.82,0.0,64.39,0.01,0,25.49,9.810000000000002
2025-03-03,40.0,45.0,42.5,Dhaka,26.86,0.0,61.53,0.01,0,26.82,-2.8599999999999994
2025-03-04,40.0,45.0,42.5,Dhaka,25.84,0.0,44.26,0.0,0,26.86,-17.270000000000003
2025-03-05,40.0,45.0,42.5,Dhaka,24.67,0.0,47.29,0.0,0,25.84,3.030000000000001
2025-03-06,40.0,45.0,42.5,Dhaka,23.95,0.0,38.83,0.0,0,24.67,-8.46
2025-03-07,40.0,45.0,42.5,Dhaka,22.85,0.0,38.92,0.0,0,23.95,0.09000000000000341
2025-03-08,40.0,45.0,42.5,Dhaka,24.29,0.0,42.73,0.0,0,22.85,3.809999999999995
2025-03-09,35.0,50.0,42.5,Dhaka,24.95,0.08,57.62,0.08,0,24.29,14.89
2025-03-10,35.0,50.0,42.5,Dhaka,25.58,0.17,46.7,0.25,0,24.95,-10.919999999999995
2025-03-11,32.0,50.0,41.0,Dhaka,26.97,0.0,47.09,0.25,0,25.58,0.39000000000000057
2025-03-12,35.0,50.0,42.5,Dhaka,27.1,0.0,49.49,0.17,0,26.97,2.3999999999999986
2025-03-13,35.0,50.0,42.5,Dhaka,28.25,0.01,65.7,0.010000000000000028,0,27.1,16.21
2025-03-14,35.0,50.0,42.5,Dhaka,29.02,0.06,66.07,0.07000000000000002,0,28.25,0.36999999999999034
2025-03-15,35.0,50.0,42.5,Dhaka,29.05,0.04,68.6,0.11000000000000003,0,29.02,2.530000000000001
2025-03-16,35.0,50.0,42.5,Dhaka,29.88,0.07,62.76,0.17000000000000004,0,29.05,-5.839999999999996
2025-03-17,30.0,50.0,40.0,Dhaka,29.68,0.14,61.6,0.25000000000000006,0,29.88,-1.1599999999999966
2025-03-18,30.0,50.0,40.0,Dhaka,29.2,1.07,61.69,1.28,0,29.68,0.0899999999999963
2025-03-19,30.0,50.0,40.0,Dhaka,29.08,0.27,58.22,1.48,0,29.2,-3.469999999999999
2025-03-22,35.0,50.0,42.5,Dhaka,24.52,0.07,61.4,1.4100000000000001,0,29.08,3.1799999999999997
2025-03-23,35.0,50.0,42.5,Dhaka,26.14,0.07,52.64,0.41000000000000003,0,24.52,-8.759999999999998
2025-03-24,35.0,50.0,42.5,Dhaka,26.11,0.1,49.85,0.24000000000000002,0,26.14,-2.789999999999999
2025-03-24,35.0,50.0,42.5,Dhaka,26.11,0.1,49.85,0.27,0,26.11,0.0
2025-03-24,30.0,45.0,37.5,Dhaka,26.11,0.1,49.85,0.30000000000000004,0,26.11,0.0
2025-03-24,35.0,50.0,42.5,Dhaka,26.11,0.1,49.85,0.30000000000000004,0,26.11,0.0
2025-03-25,30.0,45.0,37.5,Dhaka,26.68,0.0,44.79,0.2,0,26.11,-5.060000000000002
2025-03-27,30.0,45.0,37.5,Dhaka,28.77,0.0,57.42,0.1,0,26.68,12.630000000000003
2025-04-05,30.0,45.0,37.5,Dhaka,30.67,0.02,52.98,0.02,0,28.77,-4.440000000000005
2025-04-05,30.0,45.0,37.5,Dhaka,30.67,0.02,52.98,0.04,0,30.67,0.0
2025-04-06,30.0,45.0,37.5,Dhaka,30.83,0.45,56.33,0.49,0,30.67,3.3500000000000014
2025-04-07,30.0,45.0,37.5,Dhaka,30.01,2.44,59.35,2.91,0,30.83,3.020000000000003
2025-04-08,30.0,50.0,40.0,Dhaka,28.23,3.22,68.88,6.109999999999999,0,30.01,9.529999999999994
2025-04-09,30.0,50.0,40.0,Dhaka,30.15,0.28,56.34,5.9399999999999995,0,28.23,-12.539999999999992
2025-04-10,30.0,46.0,38.0,Dhaka,30.37,0.01,50.11,3.5100000000000002,0,30.15,-6.230000000000004
2025-04-11,30.0,46.0,38.0,Dhaka,29.3,2.25,57.03,2.54,0,30.37,6.920000000000002
2025-04-12,30.0,50.0,40.0,Dhaka,30.02,0.84,59.53,3.0999999999999996,0,29.3,2.5
2025-04-13,35.0,50.0,42.5,Dhaka,28.77,1.07,62.34,4.16,0,30.02,2.8100000000000023
2025-04-15,40.0,55.0,47.5,Dhaka,28.55,5.49,61.73,7.4,1,28.77,-0.6100000000000065
2025-04-16,40.0,60.0,50.0,Dhaka,28.87,8.6,65.54,15.16,1,28.55,3.8100000000000094
2025-04-17,40.0,65.0,52.5,Dhaka,27.53,16.57,74.24,30.66,1,28.87,8.699999999999989
2025-04-18,40.0,65.0,52.5,Dhaka,27.81,15.73,74.98,40.900000000000006,1,27.53,0.7400000000000091
2025-04-19,40.0,65.0,52.5,Dhaka,28.09,13.67,77.32,45.97,1,27.81,2.339999999999989
2025-04-20,40.0,65.0,52.5,Dhaka,28.79,16.94,78.05,46.34,1,28.09,0.730000000000004
2025-04-21,40.0,65.0,52.5,Dhaka,29.53,22.71,81.27,53.32000000000001,1,28.79,3.219999999999999
2025-04-22,40.0,65.0,52.5,Dhaka,29.86,11.17,78.85,50.82,1,29.53,-2.4200000000000017
2025-04-23,40.0,65.0,52.5,Dhaka,30.83,0.48,74.88,34.36000000000001,0,29.86,-3.969999999999999
2025-04-24,40.0,65.0,52.5,Dhaka,30.9,0.86,74.21,12.510000000000003,0,30.83,-0.6700000000000017
2025-04-25,40.0,65.0,52.5,Dhaka,30.35,0.65,75.1,1.9900000000000035,0,30.9,0.8900000000000006
2025-04-26,40.0,65.0,52.5,Dhaka,30.45,0.26,73.25,1.7700000000000036,0,30.35,-1.8499999999999943
2025-04-27,50.0,65.0,57.5,Dhaka,29.64,1.94,72.79,2.8500000000000036,0,30.45,-0.45999999999999375
2025-04-28,55.0,65.0,60.0,Dhaka,28.76,6.24,74.58,8.440000000000005,1,29.64,1.789999999999992
2025-04-29,55.0,65.0,60.0,Dhaka,27.36,17.08,76.56,25.260000000000005,1,28.76,1.980000000000004
2025-04-30,50.0,65.0,57.5,Dhaka,28.02,11.69,71.92,35.010000000000005,1,27.36,-4.640000000000001
2025-05-02,50.0,65.0,57.5,Dhaka,28.6,9.72,64.04,38.49000000000001,1,28.02,-7.8799999999999955
2025-05-03,50.0,65.0,57.5,Dhaka,28.71,4.56,65.12,25.970000000000006,0,28.6,1.0799999999999983
2025-05-04,50.0,65.0,57.5,Dhaka,28.31,7.27,75.76,21.550000000000008,1,28.71,10.64
2025-05-05,50.0,65.0,57.5,Dhaka,28.73,2.38,73.54,14.210000000000006,0,28.31,-2.219999999999999
2025-05-06,50.0,65.0,57.5,Dhaka,29.23,1.12,71.45,10.770000000000007,0,28.73,-2.0900000000000034
2025-05-07,50.0,65.0,57.5,Dhaka,29.54,0.59,69.45,4.090000000000007,0,29.23,-2.0
2025-05-08,55.0,65.0,60.0,Dhaka,31.31,1.31,66.81,3.020000000000007,0,29.54,-2.6400000000000006
2025-05-09,50.0,65.0,57.5,Dhaka,31.87,0.47,63.09,2.370000000000007,0,31.31,-3.719999999999999
2025-05-10,48.0,60.0,54.0,Dhaka,32.31,0.74,62.82,2.520000000000007,0,31.87,-0.2700000000000031
2025-05-12,48.0,60.0,54.0,Dhaka,30.32,9.5,72.85,10.710000000000008,1,32.31,10.029999999999994
2025-05-13,48.0,60.0,54.0,Dhaka,30.16,8.66,74.7,18.900000000000006,1,30.32,1.8500000000000085
2025-05-14,48.0,60.0,54.0,Dhaka,30.71,4.55,74.86,22.710000000000008,0,30.16,0.1599999999999966
2025-05-15,48.0,60.0,54.0,Dhaka,30.01,15.97,79.17,29.18000000000001,1,30.71,4.310000000000002
2025-05-16,48.0,60.0,54.0,Dhaka,29.94,21.8,80.04,42.32000000000001,1,30.01,0.8700000000000045
2025-05-17,48.0,60.0,54.0,Dhaka,28.9,13.48,83.25,51.250000000000014,1,29.94,3.2099999999999937
2025-05-18,48.0,60.0,54.0,Dhaka,28.93,20.07,80.97,55.350000000000016,1,28.9,-2.280000000000001
2025-05-19,50.0,60.0,55.0,Dhaka,29.21,12.52,81.52,46.07000000000001,1,28.93,0.5499999999999972
2025-05-20,50.0,60.0,55.0,Dhaka,29.15,25.77,85.77,58.36000000000001,1,29.21,4.25
2025-05-21,50.0,60.0,55.0,Dhaka,28.53,34.48,88.44,72.77000000000001,1,29.15,2.6700000000000017
2025-05-22,50.0,60.0,55.0,Dhaka,29.03,18.87,79.93,79.12,1,28.53,-8.509999999999991
2025-05-23,50.0,60.0,55.0,Dhaka,28.09,6.45,84.39,59.80000000000001,1,29.03,4.459999999999994
2025-05-24,50.0,60.0,55.0,Dhaka,28.8,6.5,82.69,31.820000000000007,1,28.09,-1.7000000000000028
2025-05-25,50.0,60.0,55.0,Dhaka,28.58,4.39,86.12,17.340000000000007,0,28.8,3.430000000000007
2025-05-26,50.0,60.0,55.0,Dhaka,29.65,12.53,80.02,23.42000000000001,1,28.58,-6.1000000000000085
2025-05-27,50.0,60.0,55.0,Dhaka,29.34,12.73,81.65,29.650000000000006,1,29.65,1.6300000000000097
2025-05-28,50.0,60.0,55.0,Dhaka,27.95,26.63,91.55,51.89000000000001,1,29.34,9.899999999999991
2025-05-29,50.0,60.0,55.0,Dhaka,28.01,106.07,92.79,145.43,1,27.95,1.240000000000009
2025-05-30,50.0,60.0,55.0,Dhaka,28.48,60.14,91.13,192.84000000000003,1,28.01,-1.6600000000000108
2025-06-01,50.0,60.0,55.0,Dhaka,29.73,4.63,87.91,170.84000000000003,0,28.48,-3.219999999999999
2025-06-02,50.0,60.0,55.0,Dhaka,30.35,0.97,84.29,65.74000000000001,0,29.73,-3.6199999999999903
2025-06-02,50.0,60.0,55.0,Dhaka,30.35,0.97,84.29,6.5700000000000145,0,30.35,0.0
2025-06-03,50.0,60.0,55.0,Dhaka,30.39,1.77,81.43,3.710000000000014,0,30.35,-2.8599999999999994
2025-06-04,50.0,60.0,55.0,Dhaka,30.02,4.08,80.4,6.8200000000000145,0,30.39,-1.0300000000000011
2025-06-13,55.0,60.0,57.5,Dhaka,30.49,6.54,79.22,12.390000000000015,1,30.02,-1.1800000000000068
2025-06-14,55.0,60.0,57.5,Dhaka,29.62,3.4,83.41,14.020000000000014,0,30.49,4.189999999999998
2025-06-15,50.0,60.0,55.0,Dhaka,29.57,8.89,85.43,18.830000000000013,1,29.62,2.0200000000000102
2025-06-16,50.0,60.0,55.0,Dhaka,28.43,23.6,88.8,35.890000000000015,1,29.57,3.3699999999999903
2025-06-17,50.0,60.0,55.0,Dhaka,27.54,21.29,91.86,53.780000000000015,1,28.43,3.0600000000000023
2025-06-18,50.0,60.0,55.0,Dhaka,27.34,24.07,91.8,68.96000000000001,1,27.54,-0.060000000000002274
2025-06-19,50.0,60.0,55.0,Dhaka,28.28,10.58,87.06,55.94000000000001,1,27.34,-4.739999999999995
2025-06-20,50.0,60.0,55.0,Dhaka,28.11,20.84,90.36,55.490000000000016,1,28.28,3.299999999999997
2025-06-21,50.0,60.0,55.0,Dhaka,28.76,6.02,88.45,37.44000000000001,1,28.11,-1.9099999999999966
2025-06-22,50.0,60.0,55.0,Dhaka,28.03,3.25,91.05,30.110000000000017,0,28.76,2.5999999999999943
2025-06-23,50.0,60.0,55.0,Dhaka,28.63,10.22,87.65,19.490000000000016,1,28.03,-3.3999999999999915
2025-06-25,50.0,60.0,55.0,Dhaka,28.22,18.67,87.82,32.140000000000015,1,28.63,0.1699999999999875
2025-06-25,50.0,60.0,55.0,Dhaka,28.22,18.67,87.82,47.56000000000002,1,28.22,0.0
2025-06-26,50.0,60.0,55.0,Dhaka,28.18,9.8,87.66,47.14000000000002,1,28.22,-0.1599999999999966
2025-06-27,55.0,60.0,57.5,Dhaka,28.39,8.75,86.8,37.22000000000002,1,28.18,-0.8599999999999994
2025-06-29,55.0,60.0,57.5,Dhaka,27.41,5.15,89.99,23.700000000000017,1,28.39,3.1899999999999977
2025-06-29,50.0,65.0,57.5,Dhaka,27.41,5.15,89.99,19.05000000000002,1,27.41,0.0
2025-06-30,50.0,65.0,57.5,Dhaka,28.22,8.67,86.93,18.97000000000002,1,27.41,-3.059999999999988
2025-07-01,50.0,65.0,57.5,Dhaka,28.32,14.53,87.52,28.350000000000016,1,28.22,0.5899999999999892
2025-07-02,50.0,60.0,55.0,Dhaka,27.86,12.42,88.17,35.62000000000002,1,28.32,0.6500000000000057
2025-07-03,55.0,60.0,57.5,Dhaka,27.86,12.76,89.1,39.710000000000015,1,27.86,0.9299999999999926
2025-07-04,55.0,60.0,57.5,Dhaka,27.96,17.58,89.61,42.76000000000001,1,27.86,0.5100000000000051
2025-07-05,55.0,60.0,57.5,Dhaka,27.58,21.22,90.59,51.56000000000002,1,27.96,0.980000000000004
2025-07-07,55.0,60.0,57.5,Dhaka,26.7,30.16,93.6,68.96000000000001,1,27.58,3.009999999999991
2025-07-08,55.0,60.0,57.5,Dhaka,26.21,39.88,95.35,91.26000000000002,1,26.7,1.75
2025-07-09,55.0,65.0,60.0,Dhaka,26.21,55.38,95.44,125.42000000000002,1,26.21,0.09000000000000341
2025-07-10,55.0,65.0,60.0,Dhaka,27.0,23.8,92.76,119.06000000000003,1,26.21,-2.6799999999999926
2025-07-11,55.0,65.0,60.0,Dhaka,28.24,4.49,89.74,83.67000000000002,0,27.0,-3.0200000000000102
2025-07-12,55.0,65.0,60.0,Dhaka,29.13,4.56,87.38,32.850000000000016,0,28.24,-2.3599999999999994
2025-07-13,55.0,65.0,60.0,Dhaka,28.9,7.28,90.05,16.330000000000013,1,29.13,2.6700000000000017
2025-07-14,55.0,65.0,60.0,Dhaka,-999.0,-999.0,-999.0,-987.16,0,28.9,-1089.05
2025-07-15,55.0,65.0,60.0,Dhaka,-999.0,-999.0,-999.0,-1990.7199999999998,0,-999.0,0.0
2025-07-16,55.0,65.0,60.0,Dhaka,-999.0,-999.0,-999.0,-2997.0,0,-999.0,0.0
